fighter,W,L,fights
Alatengheili,2,1,3
Aoriqileng,2,0,2
Maheshate,1,0,1
Sumudaerji,2,0,2
AJ Dobson,1,0,1
AJ Fletcher,2,0,2
Aalon Cruz,1,0,1
Aaron Phillips,2,0,2
Aaron Riley,1,0,1
Aaron Rosa,2,0,2
Aaron Simpson,1,2,3
Aaron Wilkinson,1,0,1
Abdul Razak Alhassan,2,5,7
Abdul-Kerim Edilov,0,1,1
Abel Trujillo,3,3,6
Abner Lloveras,1,0,1
Abu Azaitar,1,1,2
Abubakar Nurmagomedov,0,1,1
Abus Magomedov,2,0,2
Adam Cella,1,0,1
Adam Fugitt,2,1,3
Adam Milstead,1,1,2
Adam Wieczorek,0,2,2
Adlan Amagov,0,2,2
Adrian Yanez,2,1,3
Adriano Martins,3,1,4
Ailin Perez,0,2,2
Aisling Daly,1,0,1
Akbarh Arreola,2,1,3
Akira Corassani,1,1,2
Al Iaquinta,0,5,5
Alan Baudot,3,0,3
Alan Belcher,2,2,4
Alan Jouban,2,3,5
Alan Patrick,4,1,5
Albert Duraev,1,1,2
Albert Morales,2,0,2
Albert Tumenov,2,4,6
Alberto Mina,0,2,2
Alberto Uda,1,0,1
Alejandro Perez,1,3,4
Aleksa Camur,2,0,2
Aleksandar Rakic,2,6,8
Aleksandra Albu,1,2,3
Aleksei Kunchenko,2,1,3
Aleksei Oleinik,3,3,6
Alen Amedovski,3,0,3
Alessandro Costa,2,1,3
Alessio Di Chirico,2,2,4
Alessio Sakara,2,0,2
Alex Caceres,6,3,9
Alex Chambers,3,0,3
Alex Da Silva,3,1,4
Alex Garcia,3,5,8
Alex Morono,3,7,10
Alex Nicholson,3,1,4
Alex Oliveira,4,4,8
Alex Pereira,0,2,2
Alex Perez,2,4,6
Alex Reyes,1,0,1
Alex Ricci,2,0,2
Alex Soto,1,0,1
Alex Torres,1,0,1
Alex White,4,3,7
Alexa Grasso,1,5,6
Alexander Gustafsson,2,4,6
Alexander Her0dez,1,3,4
Alexander Munoz,2,0,2
Alexander Volkanovski,0,4,4
Alexander Volkov,3,4,7
Alexander Yakovlev,5,2,7
Alexandr Romanov,2,0,2
Alexandre Ferreira,1,0,1
Alexandre Pantoja,1,2,3
Alexis Davis,2,1,3
Ali AlQaisi,1,0,1
Ali Bagautinov,2,3,5
Alistair Overeem,0,5,5
Aljamain Sterling,2,4,6
Allan Nascimento,1,1,2
Allan Zuniga,1,0,1
Allen Crowder,1,1,2
Alonzo Menifield,1,2,3
Alptekin Ozkilic,1,1,2
Alvaro Herrera Mendoza,2,1,3
Amanda Cooper,2,1,3
Amanda Lemos,1,4,5
Amanda Nunes,1,1,2
Amanda Ribas,2,4,6
Amilcar Alves,2,0,2
Amir Albazi,0,2,2
Amir Sadollah,2,1,3
Anderson Dos Santos,3,1,4
Anderson Silva,4,0,4
Andre Ewell,4,1,5
Andre Fialho,2,1,3
Andre Fili,6,6,12
Andre Muniz,1,4,5
Andre Petroski,0,2,2
Andre Soukhamthath,5,1,6
Andre Winner,2,0,2
Andrea Lee,4,3,7
Andreas Michailidis,3,0,3
Andreas Stahl,1,0,1
Andrei Arlovski,2,4,6
Andrew Craig,3,3,6
Andrew Holbrook,3,2,5
Andrew Sanchez,2,1,3
Andy Enz,3,0,3
Andy Ogle,1,0,1
Ange Loosa,1,1,2
Angela Hill,12,5,17
Angela Magana,2,0,2
Anna Elmose,1,0,1
Anshul Jubli,0,1,1
Anthony Birchak,3,1,4
Anthony Christodoulou,1,0,1
Anthony Hamilton,3,2,5
Anthony Her0dez,1,3,4
Anthony Ivy,1,0,1
Anthony Johnson,1,2,3
Anthony Lapsley,1,0,1
Anthony Njokuani,3,1,4
Anthony Perosh,2,3,5
Anthony Pettis,3,2,5
Anthony Rocco Martin,4,4,8
Anthony Smith,4,6,10
Anton Kuivanen,1,1,2
Anton Turkalj,2,0,2
Anton Zafir,2,0,2
Antonina Shevchenko,3,1,4
Antonio Arroyo,1,0,1
Antonio Banuelos,1,0,1
Antonio Braga Neto,1,0,1
Antonio Carlos Junior,3,1,4
Antonio Carvalho,1,0,1
Antonio Dos Santos,2,0,2
Antonio McKee,1,0,1
Antonio Rodrigo Nogueira,3,0,3
Antonio Silva,3,2,5
Anying Wang,0,1,1
Ariane Carnelossi,0,2,2
Ariane Lipski,4,1,5
Arjan Bhullar,0,1,1
Arman Tsarukyan,1,3,4
Armen Petrosyan,1,0,1
Arnold Allen,1,3,4
Artem Lobov,2,0,2
Ashkan Mokhtarian,2,0,2
Ashlee Evans-Smith,2,2,4
Ashley Yoder,5,0,5
Askar Askarov,0,3,3
Askar Mozharov,1,0,1
Aspen Ladd,1,1,2
Assu Almabayev,0,1,1
Augusto Mendes,1,1,2
Augusto Sakai,2,3,5
Austen Lane,1,0,1
Austin Arnett,2,1,3
Austin Hubbard,4,1,5
Austin Lingo,1,1,2
Austin Springer,1,0,1
Azamat Gashimov,2,0,2
Azamat Murzakanov,0,3,3
Azat Maksum,0,1,1
Azunna Anyanwu,1,0,1
BJ Penn,2,1,3
Barb Honchak,1,0,1
Bart Palaszewski,2,1,3
Bartosz Fabinski,2,2,4
Bassil Hafez,1,0,1
Batgerel Danaa,3,0,3
Bea Malecki,0,1,1
Bec Rawlings,2,0,2
Belal Muhammad,2,8,10
Ben Alloway,1,0,1
Ben Askren,2,1,3
Ben Nguyen,3,2,5
Ben Rothwell,3,4,7
Ben Saunders,5,4,9
Ben Wall,1,0,1
Beneil Dariush,3,8,11
Benito Lopez,1,1,2
Benoit Saint Denis,1,3,4
Benson Henderson,1,3,4
Bernardo Magalhaes,2,0,2
Besam Yousef,2,0,2
Bethe Correia,2,4,6
Bevon Lewis,2,0,2
Bharat Kandare,1,0,1
Bibulatov Magomed,1,1,2
Bill Algeo,3,2,5
Billy Quarantillo,3,1,4
Blagoy Ivanov,4,1,5
Blake Bilder,2,1,3
Blood Diamond,2,0,2
Bobby Green,4,8,12
Bobby Moffett,2,0,2
Bobby Nash,2,0,2
Bobby Voelker,3,0,3
Bogdan Guskov,1,0,1
Bojan Mihajlovic,1,0,1
Bojan Velickovic,2,2,4
Boston Salmon,1,0,1
Brad Blackburn,2,0,2
Brad Pickett,1,1,2
Brad Riddell,0,1,1
Brad Scott,0,1,1
Brad Tavares,1,8,9
Brady Hiestand,1,0,1
Brandon Davis,6,1,7
Brandon Jenkins,2,0,2
Brandon Moreno,1,3,4
Brandon Royval,2,2,4
Brandon Thatch,2,2,4
Brandon Vera,2,0,2
Brendan Allen,0,5,5
Brendan O'Reilly,2,1,3
Brendan Schaub,3,1,4
Brendon Marotte,1,0,1
Brett Johns,2,1,3
Brian Bowles,1,0,1
Brian Camozzi,3,0,3
Brian Ebersole,0,3,3
Brian Foster,1,1,2
Brian Houston,2,0,2
Brian Kelleher,4,4,8
Brian Melancon,1,1,2
Brian Ortega,0,4,4
Brian Stann,4,1,5
Brianna Van Buren,1,1,2
Bristol Marunde,1,0,1
Brock Jardine,2,0,2
Brogan Walker,1,0,1
Brok Weaver,1,0,1
Bruna Brasil,0,1,1
Brunno Ferreira,0,2,2
Bruno Santos,1,1,2
Bruno Silva,2,5,7
Bruno Souza,2,0,2
Bryan Barberena,5,6,11
Bryan Battle,0,1,1
Bryan Caraway,3,3,6
Bryce Mitchell,1,2,3
Buddy Roberts,1,0,1
Byron Bloodworth,2,0,2
CB Dollaway,4,5,9
CJ Keith,2,0,2
CJ Vergara,1,1,2
Cain Carrizosa,2,0,2
Cain Velasquez,1,0,1
Caio Borralho,0,1,1
Caio Machado,1,0,1
Caio Magalhaes,3,1,4
Calvin Kattar,3,3,6
Cameron Else,2,0,2
Cameron Saaiman,1,1,2
Cameron VanCamp,2,0,2
Caolan Loughran,1,0,1
Carl Deaton,2,0,2
Carla Esparza,1,2,3
Carlo Pedersoli Jr.,2,1,3
Carlo Prater,2,1,3
Carlos Candelario,1,0,1
Carlos Condit,1,1,2
Carlos Eduardo Rocha,2,1,3
Carlos Felipe,1,1,2
Carlos Her0dez,2,1,3
Carlos Huachin,2,0,2
Carlos Mota,1,0,1
Carlos Ulberg,1,0,1
Carls John De Tomas,1,0,1
Carlston Harris,1,3,4
Caros Fodor,1,0,1
Casey Kenney,2,2,4
Casey O'Neill,1,3,4
Cat Zingano,0,1,1
Cathal Pendred,0,1,1
Cezar Ferreira,3,2,5
Chad Griggs,2,0,2
Chad Laprise,2,0,2
Chad Mendes,1,1,2
Chael Sonnen,1,1,2
Chan Sung Jung,1,4,5
Chan-Mi Jeon,2,0,2
Chance Rencountre,2,2,4
Charles Byrd,1,1,2
Charles Johnson,2,1,3
Charles Jourdain,3,4,7
Charles Oliveira,7,11,18
Charles Radtke,0,2,2
Charles Rosa,6,0,6
Charlie Brenneman,6,0,6
Charlie Campbell,0,1,1
Charlie Ontiveros,3,0,3
Charlie Valencia,1,0,1
Chas Skelly,2,2,4
Chase Gormley,1,0,1
Chase Hooper,1,0,1
Chase Sherman,8,2,10
Che Mills,1,1,2
Cheick Kongo,2,0,2
Chepe Mariscal,0,2,2
Chico Camus,3,2,5
Chris Avila,2,0,2
Chris Barnett,1,2,3
Chris Beal,2,0,2
Chris Camozzi,6,3,9
Chris Cariaso,2,3,5
Chris Clements,1,2,3
Chris Cope,1,1,2
Chris Curtis,1,2,3
Chris Daukaus,4,2,6
Chris Dempsey,2,1,3
Chris Fishgold,3,1,4
Chris Gruetzemacher,2,1,3
Chris Gutierrez,3,3,6
Chris Heatherly,2,0,2
Chris Indich,1,0,1
Chris Kelades,2,1,3
Chris Leben,0,1,1
Chris Lytle,1,2,3
Chris Saunders,1,0,1
Chris Tickle,1,0,1
Chris Tuchscherer,2,0,2
Chris Wade,1,2,3
Chris Weidman,2,6,8
Chris de la Rocha,1,1,2
Christian Aguilera,1,1,2
Christian Colombo,2,0,2
Christian Leroy Duncan,1,0,1
Christian Morecraft,2,1,3
Christian Rodriguez,1,1,2
Christos Giagos,6,4,10
Cindy Dandois,1,0,1
Ciryl Gane,0,2,2
Claude Patrick,0,3,3
Claudio Puelles,1,1,2
Claudio Ribeiro,1,1,2
Claudio Silva,1,2,3
Clay Collard,1,1,2
Clay Guida,4,3,7
Clay Harvison,1,0,1
Clifford Starks,1,1,2
Clint Hester,3,2,5
Cody Brundage,1,3,4
Cody Donovan,0,1,1
Cody Durden,3,1,4
Cody East,1,0,1
Cody Garbrandt,2,3,5
Cody Gibson,3,1,4
Cody McKenzie,2,1,3
Cody Pfister,3,1,4
Cody Stamann,3,4,7
Colby Covington,1,6,7
Cole Escovedo,2,0,2
Cole Miller,2,1,3
Cole Smith,0,1,1
Cole Williams,1,0,1
Colin Fletcher,1,0,1
Collin Anglin,1,0,1
Collin Hart,1,0,1
Conor McGregor,2,3,5
Constantinos Philippou,2,4,6
Corey Anderson,3,4,7
Cortney Casey,6,2,8
Cory McKenna,0,2,2
Cory Sandhagen,1,5,6
Court McGee,2,1,3
Craig White,2,0,2
Cristian Quinonez,1,1,2
Cristina Stanciu,2,0,2
Cub Swanson,3,1,4
Cung Le,2,1,3
Curt Warburton,2,1,3
Curtis Blaydes,2,5,7
Curtis Millender,1,1,2
Cynthia Calvillo,2,4,6
Cyril Asker,2,1,3
Cyrille Diabate,1,2,3
Da Woon Jung,2,0,2
Da-Un Jung,0,1,1
DaMarques Johnson,1,0,1
Daichi Abe,2,0,2
Dakota Bush,1,0,1
Dalcha Lungiambula,3,0,3
Damacio Page,2,0,2
Damian Grabowski,2,0,2
Damian Stasiak,1,2,3
Damien Brown,1,1,2
Damir Hadzovic,4,3,7
Damir Ismagulov,1,2,3
Damon Jackson,4,2,6
Dan Argueta,1,0,1
Dan Hardy,1,0,1
Dan Henderson,5,3,8
Dan Hooker,6,6,12
Dan Ige,4,3,7
Dan Lauzon,2,0,2
Dan Miller,3,1,4
Dan Moret,3,0,3
Dan Stittgen,1,0,1
Danaa Batgerel,1,0,1
Daniel Barez,1,0,1
Daniel Cormier,0,1,1
Daniel Da Silva,1,0,1
Daniel Jolly,1,0,1
Daniel Kelly,2,2,4
Daniel Lacerda,1,0,1
Daniel Marcos,0,2,2
Daniel Omielanczuk,2,2,4
Daniel Pineda,5,3,8
Daniel Roberts,2,2,4
Daniel Rodriguez,1,3,4
Daniel Santos,1,0,1
Daniel Sarafian,1,0,1
Daniel Spitz,2,1,3
Daniel Spohn,1,0,1
Daniel Teymur,3,0,3
Daniel Zellhuber,1,1,2
Danielle Taylor,1,2,3
Danilo Belluardo,2,0,2
Danilo Marques,2,2,4
Danny Castillo,5,3,8
Danny Chavez,2,1,3
Danny Downes,1,0,1
Danny Henry,1,0,1
Danny Martinez,2,1,3
Danny Mitchell,2,0,2
Danny Roberts,3,1,4
Darian Weeks,2,0,2
Darko Stosic,1,1,2
Daron Cruickshank,3,2,5
Darrell Horcher,2,1,3
Darrell Montague,2,0,2
Darren Elkins,3,7,10
Darren Stewart,4,5,9
Darren Till,2,4,6
Darren Uyenoyama,1,1,2
Darrick Minner,3,1,4
Darrius Flowers,1,0,1
Dashon Johnson,2,0,2
Dave Galera,1,0,1
Dave Herman,4,0,4
Davey Grant,1,4,5
Davi Ramos,2,1,3
David Branch,2,3,5
David Dvorak,1,2,3
David Michaud,1,0,1
David Mitchell,4,1,5
David Onama,2,1,3
David Teymur,1,2,3
David Zawada,3,1,4
Deiveson Figueiredo,1,5,6
Demetrious Johnson,0,2,2
Demian Maia,2,3,5
Denis Tiuliulin,4,0,4
Denise Gomes,1,2,3
Dennis Bermudez,1,1,2
Dennis Buzukja,1,0,1
Dennis Hallman,0,3,3
Dennis Siver,3,3,6
Denys Bondar,2,0,2
Dequan Townsend,3,0,3
Derek Brunson,5,4,9
Deron Winn,2,0,2
Derrick Krantz,2,0,2
Derrick Lewis,3,3,6
Desmond Green,3,2,5
Devin Clark,5,4,9
Dhiego Lima,3,3,6
Diana Belbita,3,0,3
Diego Brandao,2,1,3
Diego Ferreira,1,7,8
Diego Lopes,1,0,1
Diego Nunes,2,3,5
Diego Rivas,1,1,2
Diego Sanchez,4,1,5
Dileno Lopes,1,0,1
Dmitrii Smoliakov,2,0,2
Dmitry Sosnovskiy,0,1,1
Domingo Pilarte,1,0,1
Dominic Waters,3,0,3
Dominick Cruz,1,1,2
Dominick Reyes,0,5,5
Dominique Steele,4,0,4
Don Madge,0,1,1
Don Shainis,2,0,2
Don'Tale Mayes,4,1,5
Donald Cerrone,7,5,12
Dong Hyun Kim,2,3,5
Dong Hyun Ma,4,2,6
Dongi Yang,3,1,4
Donny Walker,2,0,2
Dooho Choi,2,1,3
Douglas Silva de Andrade,2,1,3
Drakkar Klose,2,5,7
Drako Rodriguez,2,0,2
Drew Dober,7,4,11
Dricus Du Plessis,0,6,6
Duane Ludwig,3,1,4
Duda Santana,1,0,1
Dusko Todorovic,3,3,6
Dustin Hazelett,2,0,2
Dustin Jacoby,2,0,2
Dustin Kimura,3,1,4
Dustin Neace,1,0,1
Dustin Ortiz,4,3,7
Dustin Pague,2,0,2
Dustin Poirier,2,2,4
Dustin Stoltzfus,3,2,5
Dwight Grant,3,1,4
Ed Herman,4,3,7
Eddie Alvarez,1,2,3
Eddie Gordon,1,0,1
Eddie Mendez,1,0,1
Eddie Wineland,3,2,5
Eddie Yagin,1,1,2
Edgar Garcia,1,0,1
Edimilson Souza,0,1,1
Edmen Shahbazyan,2,2,4
Ednaldo Oliveira,1,0,1
Edson Barboza,3,7,10
Eduardo Garagorri,2,0,2
Edward Faaloloto,2,0,2
Edwin Figueroa,3,1,4
Efrain Escudero,4,0,4
Eiji Mitsuoka,2,0,2
Elias Garcia,1,0,1
Elias Silverio,1,2,3
Elias Theodorou,2,0,2
Eliot Marshall,2,0,2
Elise Reed,3,2,5
Elizabeth Phillips,2,1,3
Elizeu Zaleski dos Santos,1,3,4
Elves Brener,0,2,2
Elvis Mutapcic,1,0,1
Emil Meek,2,1,3
Emily Ducote,1,2,3
Emily Kagan,1,0,1
Emily Whitmire,2,2,4
Enrique Barzola,0,2,2
Enrique Marin,1,0,1
Eric Schafer,2,0,2
Eric Shelton,1,2,3
Eric Spicely,2,1,3
Eric Wisely,2,0,2
Erick Gonzalez,2,0,2
Erick Silva,4,0,4
Ericka Almeida,2,0,2
Erik Koch,1,2,3
Erik Perez,1,3,4
Erik Silva,1,0,1
Erin Blanchfield,0,2,2
Ernest Chavez,2,0,2
Eryk Anders,5,1,6
Esteban Ribovics,0,1,1
Estevan Payan,2,0,2
Evan Dunham,7,4,11
Evan Elder,2,0,2
Fabio Cherant,3,0,3
Fabio Maldonado,3,1,4
Fabricio Camoes,3,0,3
Fabricio Werdum,1,2,3
Fares Ziam,2,2,4
Farid Basharat,0,1,1
Felice Herrig,2,1,3
Felipe Arantes,2,2,4
Felipe Bunes,1,0,1
Felipe Colares,4,2,6
Felipe Olivieri,1,0,1
Felipe Silva,2,1,3
Felipe dos Santos,1,0,1
Fer0do Bruno,1,0,1
Fer0do Padilla,0,1,1
Fernie Garcia,2,0,2
Forrest Griffin,1,0,1
Forrest Petz,1,0,1
Francimar Barroso,2,2,4
Francis Carmont,1,3,4
Francis Marshall,0,1,1
Francis Ngannou,0,3,3
Francisco Figueiredo,1,1,2
Francisco Prado,1,1,2
Francisco Rivera,3,3,6
Francisco Trevino,0,1,1
Francisco Trinaldo,5,3,8
Frank Camacho,3,2,5
Frank Mir,2,1,3
Frank Trigg,1,0,1
Frankie Edgar,1,1,2
Frankie Perez,1,1,2
Frankie Saenz,2,3,5
Fredy Serrano,2,2,4
Gabe Green,3,0,3
Gabe Ruediger,2,0,2
Gabriel Benitez,1,1,2
Gabriel Gonzaga,5,0,5
Gabriel Miranda,1,1,2
Gabriel Santos,2,0,2
Gabriel Silva,1,0,1
Gabriella Fer0des,2,0,2
Gadzhi Omargadzhiev,2,0,2
Gadzhimurad Antigulov,1,2,3
Gaetano Pirrello,2,0,2
Galore Bofando,1,1,2
Garett Whiteley,3,0,3
Garreth McLellan,2,1,3
Garrett Armfield,1,1,2
Gasan Umalatov,3,1,4
Gaston Bolanos,1,1,2
Gavin Tucker,2,1,3
Geane Herrera,3,1,4
Gegard Mousasi,2,4,6
Genaro Valdez,3,0,3
Geoff Neal,2,2,4
George Roop,4,2,6
George Sullivan,2,1,3
Gerald Meerschaert,7,7,14
Germaine de Randamie,1,3,4
Gian Villante,3,3,6
Giga Chikadze,1,2,3
Gilbert Burns,2,6,8
Gilbert Melendez,2,0,2
Gilbert Smith,1,0,1
Gilbert Urbina,1,1,2
Gilbert Yvel,3,0,3
Gillian Robertson,4,3,7
Gina Mazany,3,1,4
Gleison Tibau,4,4,8
Gloria de Paula,2,1,3
Glover Teixeira,2,4,6
Godofredo Pepey,3,0,3
Goran Reljic,3,0,3
Grant Dawson,0,4,4
Gray Maynard,0,1,1
Greg Hardy,4,1,5
Greg Soto,2,1,3
Gregor Gillespie,1,3,4
Gregory Rodrigues,1,4,5
Grigory Popov,1,0,1
Guangyou Ning,1,0,1
Guido Cannetti,5,3,8
Guilherme Vasconcelos,1,0,1
Gunnar Nelson,2,2,4
Guram Kutateladze,1,1,2
Gustavo Lopez,1,0,1
Guto Inocente,2,0,2
Hacran Dias,2,2,4
Hakeem Dawodu,3,1,4
Hamdy Abdelwahab,0,1,1
Hannah Cifers,4,1,5
Hannah Goldy,4,1,5
Hans Stringer,2,1,3
Harry Hunsucker,3,0,3
Hatsu Hioki,2,0,2
Heather Clark,2,1,3
Hector Aldana,3,0,3
Hector Lombard,5,2,7
Hector Sandoval,2,0,2
Hector Urbina,1,1,2
Henrique da Silva,2,1,3
Henry Briones,1,0,1
Henry Cejudo,1,2,3
Henry Martinez,2,0,2
Herbert Burns,1,0,1
Her0i Perpetuo,1,0,1
Holly Holm,0,1,1
Horacio Gutierrez,1,0,1
Hu Yaozong,1,0,1
Hugo Viana,1,3,4
Humberto Bandenay,2,1,3
Humberto Brown Morrison,1,0,1
Hunter Azure,0,2,2
Hyun Gyu Lim,2,2,4
HyunSung Park,0,1,1
Ian Entwistle,1,1,2
Ian Garry,0,2,2
Ian Heinisch,3,2,5
Ian Loveland,2,0,2
Ian McCall,2,1,3
Iasmin Lucindo,1,1,2
Ignacio Bahamondes,1,2,3
Igor Araujo,0,1,1
Igor Pokrajac,5,2,7
Ihor Potieria,3,1,4
Ike Villanueva,4,0,4
Ikram Aliskerov,0,1,1
Ildemar Alcantara,2,2,4
Ilia Topuria,0,5,5
Iliarde Santos,2,0,2
Ilir Latifi,4,4,8
Impa Kasanganay,0,1,1
Inoue Mizuki,1,1,2
Ion Cutelaba,6,3,9
Irene Aldana,4,2,6
Irina Alekseeva,0,1,1
Irwin Rivera,2,0,2
Isaac Dulgarian,0,1,1
Isaac Vallie-Flagg,2,1,3
Isabela de Padua,1,0,1
Islam Makhachev,1,3,4
Ismail Naurdiev,1,2,3
Israel Adesanya,0,3,3
Issei Tamura,2,1,3
Istela Nunes,2,0,2
Iuri Alcantara,3,2,5
Ivan Jorge,2,1,3
Ivan Menjivar,2,0,2
JC Cottrell,2,0,2
JJ Aldrich,5,4,9
JP Buys,2,0,2
Jacare Souza,2,2,4
Jack Della Maddalena,0,1,1
Jack Hermansson,2,6,8
Jack Jenkins,0,1,1
Jack Marshman,4,1,5
Jack May,2,0,2
Jack Shore,1,1,2
Jacob Kilburn,1,0,1
Jacob Malkoun,1,3,4
Jacob Volkmann,1,1,2
Jafel Filho,1,0,1
Jai Herbert,2,1,3
Jailton Almeida,0,2,2
Jairzinho Rozenstruik,3,5,8
Jake Collier,8,2,10
Jake Ellenberger,3,4,7
Jake Hadley,1,1,2
Jake Hecht,1,1,2
Jake Lindsey,2,0,2
Jake Matthews,2,3,5
Jake Shields,0,2,2
Jalin Turner,2,3,5
Jamahal Hill,1,4,5
Jamal Pogues,1,2,3
Jamall Emmers,1,1,2
James Bochnovic,2,0,2
James Hammortree,1,0,1
James Head,2,2,4
James Irvin,1,0,1
James Krause,3,5,8
James Moontasri,3,0,3
James Te Huna,3,0,3
James Toney,1,0,1
James Vick,3,4,7
Jamey Simmons,2,0,2
Jamey-Lyn Horth,1,1,2
Jamie Moyle,1,1,2
Jamie Mullarkey,3,2,5
Jamie Pickett,5,0,5
Jamie Varner,1,2,3
Jan Blachowicz,3,5,8
Jared Cannonier,3,4,7
Jared Gooden,3,2,5
Jared Gordon,2,3,5
Jared Hamman,0,2,2
Jared Papazian,2,0,2
Jared Rosholt,1,2,3
Jared Vanderaa,5,1,6
Jarjis Danho,1,1,2
Jarno Errens,1,0,1
Jarred Brooks,1,2,3
Jasmine Jasudavicius,1,2,3
Jason Brilz,2,1,3
Jason Gonzalez,3,0,3
Jason High,3,1,4
Jason Knight,2,4,6
Jason MacDonald,1,0,1
Jason Miller,1,0,1
Jason Novelli,2,0,2
Jason Reinhardt,2,0,2
Jason Witt,2,2,4
Jason Young,2,0,2
Javid Basharat,0,2,2
Javier Vazquez,0,1,1
Jay Hieron,2,0,2
Jay Perrin,3,0,3
Jay Silva,1,0,1
Jean Silva,0,1,1
Jeff Curran,1,0,1
Jeff Hougland,2,0,2
Jeff Hughes,3,0,3
Jeff Molina,0,1,1
Jenel Lausa,0,1,1
Jennifer Maia,3,3,6
Jeremiah Wells,0,2,2
Jeremy Kennedy,1,2,3
Jeremy Kimball,1,1,2
Jeremy Larsen,2,0,2
Jeremy Stephens,9,7,16
Jerome Rivera,4,0,4
Jerrod Sanders,2,1,3
Jesse Butler,1,0,1
Jesse Forbes,1,0,1
Jesse Lennox,2,0,2
Jesse Ronson,4,0,4
Jesse Strader,2,0,2
Jessica Aguilar,3,0,3
Jessica Andrade,1,7,8
Jessica Eye,4,3,7
Jessica Penne,0,1,1
Jessica-Rose Clark,0,2,2
Jessin Ayari,3,0,3
Jesus Aguilar,1,1,2
Jesus Pinedo,1,1,2
Ji Yeon Kim,2,2,4
Jim Alers,1,1,2
Jim Miller,6,2,8
Jim Wallhead,2,0,2
Jimi Manuwa,2,2,4
Jimmie Rivera,1,4,5
Jimmy Crute,2,0,2
Jimmy Flick,1,1,2
Jimmy Quinlan,1,0,1
Jimy Hettes,2,1,3
Jin Soo Son,2,0,2
Jinh Yu Frey,5,1,6
Jiri Prochazka,0,2,2
Joachim Christensen,1,1,2
Joanderson Brito,1,2,3
Joanna Jedrzejczyk,1,2,3
Joanne Wood,3,2,5
Joao Zeferino,1,0,1
Joaquim Silva,2,3,5
Joaquin Buckley,3,3,6
Joby Sanchez,3,1,4
Jocelyn Jones-Lybarger,2,0,2
Jodie Esquibel,4,0,4
Joe Brammer,1,0,1
Joe Doerksen,1,1,2
Joe Duffy,3,1,4
Joe Lauzon,4,2,6
Joe Merritt,1,0,1
Joe Proctor,2,2,4
Joe Pyfer,0,1,1
Joe Riggs,2,0,2
Joe Solecki,1,2,3
Joe Soto,1,2,3
Joe Stevenson,1,0,1
Joel Alvarez,2,3,5
Joey Beltran,4,0,4
Joey Gambino,2,0,2
Joey Gomez,2,0,2
John Albert,2,1,3
John Alessio,1,0,1
John Allan,2,0,2
John Castaneda,1,2,3
John Cholish,2,1,3
John Cofer,2,0,2
John Dodson,2,0,2
John Gunderson,2,0,2
John Gunther,1,0,1
John Hathaway,1,1,2
John Howard,3,2,5
John Lineker,2,5,7
John Maguire,3,1,4
John Makdessi,3,2,5
John Moraga,2,2,4
John Phillips,3,1,4
John Salter,2,1,3
Johnny Bedford,2,1,3
Johnny Case,2,3,5
Johnny Eduardo,3,2,5
Johnny Munoz,2,1,3
Johnny Walker,3,4,7
Johny Hendricks,1,4,5
Jon Delos Reyes,3,1,4
Jon Fitch,0,1,1
Jon Jones,0,1,1
Jon Olav Einemo,2,0,2
Jon Tuck,3,3,6
Jonathan Brookins,1,0,1
Jonathan Goulet,1,0,1
Jonathan Martinez,2,7,9
Jonathan Meunier,1,1,2
Jonathan Pearce,1,2,3
Jonathan Wilson,1,1,2
Jonavin Webb,1,0,1
Jonny Parsons,0,1,1
Jordan Espinosa,1,1,2
Jordan Griffin,3,0,3
Jordan Johnson,0,2,2
Jordan Leavitt,3,1,4
Jordan Mein,1,2,3
Jordan Rinaldi,2,2,4
Jordan Williams,2,0,2
Jordan Wright,1,1,2
Jorge Lopez,2,0,2
Jorge Masvidal,5,7,12
Jorge Rivera,1,1,2
Jorge Santiago,3,0,3
Jorge de Oliveira,1,0,1
Jose Aldo,1,1,2
Jose Johnson,1,1,2
Jose Maria,1,0,1
Jose Quinonez,3,1,4
Jose Torres,1,1,2
Joselyne Edwards,3,1,4
Joseph Benavidez,0,1,1
Joseph Gigliotti,1,0,1
Joseph Holmes,1,0,1
Joseph Morales,1,0,1
Joseph Sandoval,1,0,1
Josh Barnett,0,2,2
Josh Clopton,2,0,2
Josh Copeland,2,0,2
Josh Culibao,2,1,3
Josh Emmett,0,4,4
Josh Ferguson,2,0,2
Josh Fremd,2,1,3
Josh Grispi,2,0,2
Josh Koscheck,2,1,3
Josh Neer,2,1,3
Josh Parisian,1,0,1
Josh Samman,1,1,2
Josh Sampo,3,0,3
Josh Shockley,2,0,2
Josh Stansbury,0,1,1
Josh Thomson,1,1,2
Joshua Burkman,3,0,3
Joshua Van,0,1,1
Joshua Weems,1,0,1
Josiane Nunes,0,1,1
Journey Newson,2,0,2
Juan Adams,2,1,3
Juan Espino,1,0,1
Juan Manuel Puig,1,0,1
Juancamilo Ronderos,2,0,2
Julia Avila,1,0,1
Julian Erosa,4,2,6
Julian Marquez,1,2,3
Juliana Lima,3,0,3
Juliana Miller,0,1,1
Julianna Pena,2,2,4
Julija Stoliarenko,4,2,6
Julio Arce,1,1,2
Julio Paulino,2,0,2
JunYong Park,0,1,1
Junior Albini,2,1,3
Junior Assuncao,1,0,1
Junior Dos Santos,2,4,6
Junior Tafa,1,0,1
Jussier Formiga,2,1,3
Justin Buchholz,1,0,1
Justin Edwards,4,1,5
Justin Gaethje,3,4,7
Justin Jaynes,3,1,4
Justin Jones,2,0,2
Justin Ledet,3,1,4
Justin Salas,3,2,5
Justin Scoggins,2,3,5
Justin Tafa,1,1,2
Justin Willis,1,2,3
Justine Kish,3,0,3
KB Bhullar,2,0,2
KJ Noons,2,2,4
Kai Kamaka,1,0,1
Kai Kara-France,1,3,4
Kailin Curran,3,0,3
Kajan Johnson,1,3,4
Kalindra Faria,2,0,2
Kamal Shalorus,2,0,2
Kamaru Usman,0,3,3
Kamuela Kirk,1,1,2
Kanako Murata,1,1,2
Karl Roberson,4,2,6
Karlos Vemola,3,2,5
Karol Rosa,2,1,3
Karolina Kowalkiewicz,2,3,5
Katlyn Chookagian,1,2,3
Katsunori Kikuno,2,0,2
Kay Hansen,1,0,1
Kazuki Tokudome,1,1,2
Kazula Vargas,2,0,2
Keita Nakamura,3,1,4
Keith Jardine,1,0,1
Keith Wisniewski,1,0,1
Kelly Faszholz,1,0,1
Kelvin Gastelum,7,6,13
Ken Stone,1,0,1
Kennedy Nzechukwu,2,1,3
Kenny Robertson,4,1,5
Ketlen Souza,1,0,1
Ketlen Vieira,0,5,5
Kevin Aguilar,2,2,4
Kevin Borjas,1,0,1
Kevin Casey,3,0,3
Kevin Croom,3,0,3
Kevin Holland,5,3,8
Kevin Jousset,0,1,1
Kevin Lee,3,8,11
Kevin Natividad,3,0,3
Khabib Nurmagomedov,0,5,5
Khadis Ibragimov,2,0,2
Khalid Taha,1,1,2
Khalil Rountree Jr.,1,6,7
Khama Worthy,2,2,4
Khamzat Chimaev,0,3,3
Khaos Williams,2,3,5
Khusein Askhabov,1,0,1
Kiefer Crosbie,1,0,1
Kiichi Kunimoto,1,1,2
Kleydson Rodrigues,1,1,2
Klidson Abreu,2,1,3
Konstantin Erokhin,2,0,2
Kris McCray,1,0,1
Kris Moutinho,1,0,1
Kron Gracie,1,1,2
Krzysztof Jotko,2,9,11
Krzysztof Soszynski,0,1,1
Kurt Holobaugh,3,0,3
Kurt Pellegrino,1,0,1
Kwan Ho Kwak,1,0,1
Kyle Bochniak,3,1,4
Kyle Bradley,1,0,1
Kyle Daukaus,4,0,4
Kyle Kingsbury,1,2,3
Kyle Nelson,3,2,5
Kyle Noke,2,2,4
Kyle Prepolec,1,0,1
Kyle Stewart,1,0,1
Kyle Watson,1,1,2
Kyler Phillips,0,2,2
Kyoji Horiguchi,0,1,1
Kyung Ho Kang,3,2,5
Lance Benoist,2,2,4
Lando Vannata,2,1,3
Landon Quinones,1,0,1
Lara Procopio,2,1,3
Larissa Pacheco,1,0,1
Laureano Staropoli,4,1,5
Lauren Mueller,2,1,3
Lauren Murphy,3,2,5
Lavar Johnson,2,2,4
Leandro Issa,2,1,3
Leandro Silva,4,1,5
Leo Kuntz,2,0,2
Leon Edwards,2,3,5
Leonard Garcia,1,1,2
Leonardo Guimaraes,2,0,2
Leonardo Mafra,3,0,3
Leonardo Morales,1,0,1
Leonardo Santos,1,1,2
Lerone Murphy,0,2,2
Leslie Smith,2,1,3
Levan Makashvili,1,1,2
Lewis Gonzalez,1,0,1
Li Jingliang,4,3,7
Liana Jojua,1,1,2
Liliya Shakirova,1,0,1
Lina Lansberg,2,2,4
Lisa Ellis,2,0,2
Liudvik Sholinian,1,0,1
Livinha Souza,0,1,1
Liz Carmouche,2,0,2
Loik Radzhabov,1,1,2
Loma Lookboonmee,0,1,1
Loopy Godinez,1,4,5
Lorenz Larkin,2,5,7
Louis Cosce,1,0,1
Louis Gaudinot,1,0,1
Louis Smolka,2,5,7
Luan Chagas,2,0,2
Luan Lacerda,1,0,1
Luana Carolina,3,3,6
Luana Pinheiro,0,2,2
Luana Santos,0,1,1
Lucas Alexander,2,1,3
Lucas Almeida,2,1,3
Lucas Martins,2,1,3
Lucie Pudilova,6,3,9
Lucio Linhares,1,0,1
Ludovit Klein,1,4,5
Luigi Vendramini,3,0,3
Luis Henrique,2,0,2
Luis Pena,2,1,3
Luis Ramos,2,0,2
Luis Saldana,1,0,1
Luiz Dutra,1,0,1
Lukasz Brzeski,2,0,2
Lukasz Sajewski,2,0,2
Luke Barnatt,1,0,1
Luke Jumeau,1,0,1
Luke Rockhold,3,1,4
Luke Sanders,2,2,4
Luke Zachrich,1,0,1
Lyman Good,2,1,3
Lyoto Machida,2,1,3
Mac Danzig,3,1,4
Mackens Semerzier,0,1,1
Mackenzie Dern,1,2,3
Macy Chiasson,0,2,2
Mads Burnell,2,0,2
Magnus Cedenblad,1,1,2
Magomed Ankalaev,1,3,4
Magomed Mustafaev,2,2,4
Maiquel Falcao,0,1,1
Mairbek Taisumov,1,0,1
Makhmud Muradov,0,2,2
Maki Pitolo,1,1,2
Makwan Amirkhani,4,4,8
Malcolm Gordon,3,1,4
Mallory Martin,3,0,3
Mandy Bohm,1,1,2
Manel Kape,1,1,2
Manny Bermudez,1,3,4
Manolo Zecchini,1,0,1
Manon Fiorot,0,3,3
Manuel Rodriguez,1,0,1
Manuel Torres,0,1,1
Manvel Gamburyan,3,1,4
MarQuel Mederos,0,1,1
Mara Romero Borella,5,0,5
Marc Diakiese,3,3,6
Marc-Andre Barriault,4,2,6
Marcel Fortuna,2,1,3
Marcelo Golm,3,0,3
Marcelo Guimaraes,1,0,1
Marcelo Rojo,2,0,2
Marcin Bandel,1,0,1
Marcin Held,2,0,2
Marcin Prachnio,3,2,5
Marcin Tybura,5,4,9
Marcin Wrzosek,1,0,1
Marcio Alexandre Junior,1,0,1
Marco Beltran,1,1,2
Marco Polo Reyes,3,2,5
Marcos Mariano,2,0,2
Marcos Rogerio de Lima,5,5,10
Marcos Vinicius,1,0,1
Marcus Brimage,0,2,2
Marcus Davis,2,0,2
Marcus LeVesseur,1,0,1
Marcus McGhee,0,1,1
Maria Oliveira,3,0,3
Marina Rodriguez,1,2,3
Mario Bautista,1,4,5
Mario Miranda,2,1,3
Marion Reneau,3,3,6
Mariya Agapova,1,1,2
Mark Bocek,1,0,1
Mark Coleman,1,0,1
Mark De La Rosa,4,0,4
Mark Eddiva,2,1,3
Mark Godbeer,1,1,2
Mark Holst,2,0,2
Mark Hunt,3,3,6
Mark Madsen,2,2,4
Mark Munoz,1,4,5
Mark Scanlon,1,0,1
Mark Striegl,2,0,2
Markus Perez,3,0,3
Marlon Moraes,1,3,4
Marlon Vera,6,5,11
Marnic Mann,1,0,1
Martin Bravo,1,0,1
Martin Buday,0,2,2
Martin Day,2,0,2
Martin Kampmann,4,4,8
Martin Sano,1,0,1
Martin Svensson,1,0,1
Marvin Vettori,3,5,8
Maryna Moroz,3,3,6
Masanori Kanehara,2,1,3
Masio Fullen,2,0,2
Mason Jones,1,0,1
Mateus Mendonca,2,0,2
Mateusz Gamrot,1,5,6
Matheus Nicolau,2,5,7
Mats Nilsson,2,0,2
Matt Brown,7,1,8
Matt Dwyer,2,1,3
Matt Frevola,1,2,3
Matt Grice,2,1,3
Matt Hamill,2,2,4
Matt Hobar,2,1,3
Matt Lucas,1,0,1
Matt Mitrione,5,3,8
Matt Sayles,2,1,3
Matt Schnell,5,2,7
Matt Veach,1,0,1
Matt Wiman,3,3,6
Matthew Lopez,3,2,5
Matthew Riddle,0,1,1
Matthew Semelsberger,3,2,5
Maurice Greene,1,1,2
Max Griffin,6,5,11
Max Holloway,3,4,7
Max Rohskopf,1,0,1
Maxim Grishin,3,2,5
Maximo Blanco,4,2,6
Maycee Barber,1,4,5
Mayra Bueno Silva,1,2,3
Mehdi Baghdad,2,0,2
Melinda Fabian,1,0,1
Melissa Dixon,0,1,1
Melissa Gatto,2,2,4
Melquizael Costa,2,1,3
Melsik Baghdasaryan,1,2,3
Melvin Guillard,2,1,3
Merab Dvalishvili,1,6,7
Michael Bisping,4,1,5
Michael Chandler,2,1,3
Michael Chiesa,1,6,7
Michael Graves,0,1,1
Michael Johnson,5,5,10
Michael Kuiper,2,1,3
Michael McBride,2,0,2
Michael McDonald,1,2,3
Michael Morales,0,1,1
Michael Trizano,1,1,2
Michal Figlak,1,0,1
Michal Oleksiejczuk,3,6,9
Micheal Gillmore,2,0,2
Michel Batista,1,0,1
Michel Pereira,1,4,5
Michel Prazeres,2,3,5
Michel Quinones,2,0,2
Michelle Waterson,5,3,8
Michelle Waterson-Gomez,1,0,1
Michihiro Omigawa,4,0,4
Michinori Tanaka,2,2,4
Mickael Lebout,2,0,2
Mickey Gall,4,2,6
Miesha Tate,2,1,3
Miguel Baeza,1,1,2
Mike Breeden,3,0,3
Mike Brown,1,0,1
Mike Davis,1,0,1
Mike Easton,4,1,5
Mike Grundy,2,0,2
Mike Guymon,2,1,3
Mike Jackson,1,1,2
Mike King,1,0,1
Mike Lullo,1,0,1
Mike Malott,1,1,2
Mike Massenzio,2,1,3
Mike Perry,5,5,10
Mike Pierce,4,1,5
Mike Pyle,3,3,6
Mike Rhodes,3,0,3
Mike Rio,3,0,3
Mike Rodriguez,3,2,5
Mike Russow,1,2,3
Mike Santiago,1,0,1
Mike Stumpf,1,0,1
Mike Swick,1,0,1
Mike Wilkinson,1,2,3
Mike de la Torre,4,2,6
Milana Dudieva,2,1,3
Miles Johns,0,3,3
Milton Vieira,1,0,1
Miranda Granger,2,0,2
Miranda Maverick,0,3,3
Mirko Filipovic,1,1,2
Mirsad Bektic,1,2,3
Misha Cirkunov,2,1,3
Mitch Clarke,2,1,3
Mitch Gagnon,2,0,2
Mizuto Hirota,3,1,4
Modestas Bukauskas,2,2,4
Molly McCann,2,1,3
Montana De La Rosa,4,1,5
Montel Jackson,2,3,5
Montserrat Conejo,1,1,2
Montserrat Conejo Ruiz,2,0,2
Montserrat Rendon,0,1,1
Mostapha Al-Turk,1,0,1
Motonobu Tezuka,2,0,2
Mounir Lazzez,2,1,3
Movsar Evloev,0,3,3
Muhammad Naimov,0,1,1
Muin Gafurov,1,0,1
Muslim Salikhov,3,4,7
Myktybek Orolbai,0,1,1
Myles Jury,3,4,7
Nad Narimani,1,1,2
Nadia Kassem,1,1,2
Nah-Shon Burrell,1,0,1
Nam Phan,3,2,5
Naoki Inoue,1,0,1
Naoyuki Kotani,2,0,2
Nasrat Haqparast,4,3,7
Nassourdine Imavov,2,3,5
Natalia Silva,0,3,3
Natan Levy,1,0,1
Nate Diaz,4,4,8
Nate Landwehr,2,1,3
Nate Maness,1,1,2
Nate Marquardt,6,3,9
Nathan Coy,2,1,3
Nathaniel Wood,1,2,3
Nazareno Malegarie,1,0,1
Neil Magny,4,7,11
Neil Seery,3,0,3
Nicco Montano,1,0,1
Nicholas Musoke,1,2,3
Nick Aguirre,2,0,2
Nick Catone,1,0,1
Nick Denis,1,1,2
Nick Diaz,0,1,1
Nick Fiore,2,0,2
Nick Hein,2,0,2
Nick Maximov,0,2,2
Nick Osipczak,1,0,1
Nick Pace,2,1,3
Nick Penner,1,0,1
Nick Ring,0,1,1
Nick Roehrick,1,0,1
Nicolae Negumereanu,1,1,2
Nicolas Dalby,2,5,7
Nik Lentz,5,9,14
Nikita Krylov,4,6,10
Niklas Backstrom,0,1,1
Niklas Stolze,1,0,1
Niko Price,5,5,10
Nikolas Motta,2,0,2
Nina Nunes,3,5,8
Noad Lahat,1,2,3
Nohelin Her0dez,2,0,2
Nordine Taleb,2,2,4
Norma Dumont,0,1,1
Norman Parke,1,0,1
Nursulton Ruziboev,0,1,1
Nurullo Aliev,0,1,1
Ode Osbourne,2,1,3
Oli Thompson,1,0,1
Oliver Enkamp,1,0,1
Olivier Aubin-Mercier,1,2,3
Oluwale Bamgbose,3,1,4
Omar Morales,3,3,6
Omari Akhmedov,2,6,8
Orion Cosce,1,0,1
Oskar Piechota,3,0,3
Ottman Azaitar,1,0,1
Ovince Saint Preux,4,5,9
Pablo Garza,3,3,6
Paddy Pimblett,0,1,1
Paige VanZant,2,1,3
Pannie Kianzad,2,4,6
Papy Abedi,2,0,2
Parker Porter,3,2,5
Pascal Krauss,1,1,2
Pat Audinwood,1,0,1
Pat Barry,2,0,2
Pat Healy,3,0,3
Pat Sabatini,2,1,3
Pat Schilling,2,0,2
Patrick Cote,3,0,3
Patrick Cummins,6,3,9
Patrick Walsh,1,0,1
Patrick Williams,2,1,3
Paul Bradley,2,0,2
Paul Buentello,1,0,1
Paul Craig,5,5,10
Paul Daley,1,0,1
Paul Felder,3,7,10
Paul Kelly,1,0,1
Paul Redmond,2,0,2
Paul Sass,0,2,2
Paul Taylor,1,0,1
Paulo Costa,0,4,4
Paulo Thiago,2,0,2
Pawel Pawlak,2,0,2
Pearl Gonzalez,1,0,1
Pedro Munhoz,5,2,7
Peggy Morgan,1,0,1
Pete Rodriguez,2,1,3
Peter Barrett,2,0,2
Peter Sobotta,5,0,5
Petr Yan,0,4,4
Phil Davis,1,4,5
Phil Harris,2,0,2
Phil Hawes,0,1,1
Phil Rowe,2,2,4
Philip De Fries,2,1,3
Philipe Lins,1,2,3
Phillipe Nover,4,0,4
Piera Rodriguez,1,0,1
Pingyuan Liu,1,1,2
Piotr Hallmann,3,2,5
Poliana Botelho,3,2,5
Polyana Viana,2,1,3
Preston Parsons,2,1,3
Priscila Cachoeira,6,2,8
Quinn Mulhern,2,0,2
Rachael Ostovich,3,1,4
Rafa Garcia,3,1,4
Rafael Alves,1,1,2
Rafael Cavalcante,3,0,3
Rafael Dos Anjos,3,10,13
Rafael Estevam,0,1,1
Rafael Fiziev,2,6,8
Rafael Natal,4,1,5
Rafaello Oliveira,4,0,4
Ramazan Emeev,2,3,5
Ramiro Her0dez,1,0,1
Ramiz Brahimaj,2,1,3
Ramon Taveras,0,1,1
Ramona Pascual,1,0,1
Randa Markos,4,2,6
Randy Brown,2,5,7
Randy Costa,3,1,4
Randy Couture,1,0,1
Rani Yahya,1,3,4
Raoni Barcelos,2,1,3
Raphael Assuncao,2,0,2
Raphael Pessoa,2,0,2
Raquel Pennington,1,7,8
Rashad Coulter,1,1,2
Rashad Evans,3,1,4
Rashid Magomedov,1,5,6
Raulian Paiva,2,2,4
Ravena Oliveira,1,0,1
Ray Borg,2,3,5
Ray Rodriguez,2,0,2
Reginaldo Vieira,2,0,2
Re0 Barao,1,2,3
Renato Moicano,2,5,7
Renee Forte,2,1,3
Renzo Gracie,1,0,1
Reuben Duran,2,0,2
Reza Madadi,3,1,4
Rhys McKee,3,0,3
Ricardo Almeida,1,1,2
Ricardo Funch,1,0,1
Ricardo Lamas,2,3,5
Ricardo Ramos,0,1,1
Ricardo Romero,2,1,3
Rich Attonito,0,2,2
Rich Franklin,1,1,2
Richard Walsh,2,0,2
Richardson Moreira,1,0,1
Richie Smullen,1,0,1
Rick Story,4,7,11
Ricky Glenn,3,3,6
Ricky Rainey,2,0,2
Ricky Simon,3,3,6
Ricky Turcios,1,0,1
Riki Fukuda,2,0,2
Rin Nakai,2,0,2
Rinat Fakhretdinov,0,2,2
Rinya Nakamura,0,1,1
Roan Carneiro,2,1,3
Rob Broughton,1,0,1
Rob Font,3,3,6
Rob Kimmons,1,0,1
Rob Wilkinson,1,0,1
Robbie Lawler,1,3,4
Robert McDaniel,1,0,1
Robert Peralta,3,2,5
Robert Sanchez,1,0,1
Robert Whiteford,2,1,3
Robert Whittaker,1,4,5
Rocky Lee,1,0,1
Rodolfo Rubio Perez,1,0,1
Rodolfo Vieira,1,0,1
Rodrigo Damm,3,1,4
Rodrigo Nascimento,1,3,4
Rodrigo de Lima,2,0,2
Roger Bowling,2,0,2
Roger Gracie,1,0,1
Roger Hollett,2,0,2
Roger Narvaez,2,1,3
Roger Zapata,1,0,1
Rogerio Bontorin,1,1,2
Rogerio Nogueira,5,4,9
Rolando Bedoya,1,0,1
Rolando Dy,2,1,3
Roldan Sangcha'an,1,0,1
Rolles Gracie,1,0,1
Roman Bogatov,1,0,1
Roman Dolidze,2,2,4
Roman Kopylov,1,2,3
Roman Salazar,2,0,2
Ron Stallings,2,0,2
Rong Zhu,1,0,1
Ronnie Lawrence,0,2,2
Ronny Markes,0,1,1
Rony Jason,1,0,1
Ronys Torres,2,0,2
Roosevelt Roberts,1,1,2
Roque Martinez,3,0,3
Rory MacDonald,1,2,3
Rory Markham,1,0,1
Rose Namajunas,1,1,2
Rosi Sexton,1,0,1
Ross Pearson,4,3,7
Rostem Akman,1,0,1
Rousimar Palhares,2,1,3
Roxanne Modafferi,1,0,1
Roy Nelson,5,2,7
Royston Wee,1,1,2
Ruan Potts,2,0,2
Ruslan Magomedov,0,2,2
Russell Doane,3,3,6
Rustam Khabilov,1,4,5
Ryan Bader,5,3,8
Ryan Benoit,5,1,6
Ryan Hall,0,3,3
Ryan Janes,2,2,4
Ryan Jensen,3,1,4
Ryan Jimmo,4,1,5
Ryan LaFlare,1,4,5
Ryan MacDonald,1,0,1
Ryan Spann,2,4,6
Sabah Homasi,1,0,1
Sabina Mazo,1,0,1
Sage Northcutt,0,1,1
Said Nurmagomedov,1,4,5
Saidyokub Kakhramonov,1,2,3
Saimon Oliveira,1,0,1
Salim Touahri,2,0,2
Sam Alvey,6,6,12
Sam Hughes,4,3,7
Sam Patterson,0,1,1
Sam Sicilia,5,3,8
Sam Stout,2,1,3
Santiago Ponzinibbio,2,4,6
Saparbeg Safarov,3,1,4
Sara McMann,2,0,2
Sarah Alpar,2,0,2
Sarah Frota,2,0,2
Sarah Kaufman,1,0,1
Sarah Moras,3,1,4
Sasha Palatnikov,1,1,2
Scott Askham,2,0,2
Scott Holtzman,3,2,5
Scott Jorgensen,5,0,5
Sean Brady,1,2,3
Sean McCorkle,1,1,2
Sean O'Connell,5,2,7
Sean O'Malley,0,3,3
Sean Pierson,2,2,4
Sean Soriano,4,0,4
Sean Spencer,4,2,6
Sean Strickland,4,8,12
Sean Woodson,0,2,2
Sedriques Dumas,0,1,1
Seo Hee Ham,2,0,2
Sergei Pavlovich,1,4,5
Sergey Khandozhko,1,2,3
Sergey Morozov,2,2,4
Serghei Spivac,4,5,9
Sergio Moraes,3,1,4
Sergio Pettis,3,5,8
Seth Baczynski,3,3,6
SeungWoo Choi,4,1,5
Shamar Bailey,2,1,3
Shamil Abdurakhimov,2,4,6
Shamil Gaziev,0,1,1
Shana Dobson,2,2,4
Shane Burgos,2,2,4
Shane Campbell,2,0,2
Shane Howell,2,0,2
Shane Roller,3,2,5
Shane Young,0,1,1
Shane del Rosario,2,0,2
Shanna Young,3,1,4
Shannon Gugerty,1,0,1
Shannon Ross,1,0,1
Shavkat Rakhmonov,0,3,3
Shawn Jordan,3,3,6
Shayilan Nuerdanbieke,1,1,2
Shayna Baszler,2,0,2
Sheila Gaff,2,0,2
Sheldon Westcott,1,0,1
Sheymon Moraes,3,2,5
Shinsho Anzai,1,0,1
Shunichi Shimizu,1,0,1
Sijara Eubanks,2,1,3
Silvana Gomez Juarez,2,1,3
Simeon Thoresen,1,0,1
Sirwan Kakai,1,1,2
Siyar Bahadurzada,3,2,5
Soa Palelei,1,1,2
Sodiq Yusuff,1,3,4
Song Ke0,1,1,2
Song Yadong,1,3,4
Spencer Fisher,3,0,3
Spike Carlyle,0,1,1
Stanislav Nedkov,2,1,3
Stefan Sekulic,2,0,2
Stefan Struve,4,2,6
Stephan Bonnar,2,1,3
Stephanie Egger,3,1,4
Stephen Bass,1,0,1
Stephen Thompson,3,7,10
Steve Bosse,1,1,2
Steve Cantwell,1,0,1
Steve Erceg,0,1,1
Steve Garcia,2,2,4
Steve Kennedy,2,0,2
Steve Montgomery,1,0,1
Steve Steinbeiss,1,0,1
Steven Koslow,1,0,1
Steven Peterson,3,3,6
Steven Siler,2,2,4
Stevie Ray,1,4,5
Stipe Miocic,2,2,4
Sultan Aliev,2,1,3
Suman Mokhtarian,1,0,1
Sung Bin Jo,1,0,1
Syuri Kondo,3,0,3
TJ Brown,4,1,5
TJ Dillashaw,1,1,2
TJ Grant,0,2,2
TJ Laramie,2,0,2
TJ O'Brien,2,0,2
TJ Waldburger,3,0,3
Tabatha Ricci,1,2,3
Tae Hyun Bang,2,1,3
Tafon Nchukwi,3,1,4
Tagir Ulanbekov,1,1,2
Tai Tuivasa,2,5,7
Taila Santos,1,4,5
Tainara Lisboa,0,1,1
Takanori Gomi,6,1,7
Takashi Sato,4,1,5
Takenori Sato,2,0,2
Takeya Mizugaki,4,0,4
Talita Alencar,0,1,1
Talita Bernardo,1,1,2
Tamdan McCrory,1,1,2
Tanner Boser,2,2,4
Tarec Saffiedine,2,0,2
Tateki Matsuda,1,0,1
Tatiana Suarez,0,3,3
Tatsuya Kawajiri,3,1,4
Taylor Lapilus,2,0,2
Te Edwards,1,0,1
Tecia Torres,4,0,4
Teemu Packalen,3,0,3
Tereza Bleda,1,0,1
Terrance McKinney,3,1,4
Terrence Mitchell,2,0,2
Terrion Ware,4,0,4
Terry Etim,1,0,1
Teruto Ishihara,2,1,3
Thales Leites,2,2,4
Themba Gorimbo,1,1,2
Thiago Alves,3,1,4
Thiago Moises,4,3,7
Thiago Santos,4,5,9
Thiago Silva,2,0,2
Thiago Tavares,1,1,2
Thibault Gouti,4,0,4
Thomas Almeida,2,2,4
Thomas Gifford,2,0,2
Tiago dos Santos e Silva,0,2,2
Tim Boetsch,5,6,11
Tim Credeur,1,0,1
Tim Elliott,4,3,7
Tim Gorman,2,0,2
Tim Hague,3,0,3
Tim Kennedy,0,1,1
Tim Means,5,6,11
Tim Williams,2,0,2
Timothy Johnson,1,2,3
Timur Valiev,1,1,2
Tina Lahdemaki,1,0,1
Tito Ortiz,2,0,2
Todd Brown,1,0,1
Todd Duffee,1,1,2
Tom Aspinall,1,2,3
Tom Breese,3,3,6
Tom DeBlass,2,0,2
Tom Duquesnoy,0,1,1
Tom Gallicchio,1,0,1
Tom Lawlor,3,4,7
Tom Niinimaki,1,1,2
Tom Nolan,1,0,1
Tom Watson,4,0,4
Tomasz Drwal,1,0,1
Tommy Hayden,2,0,2
Tony Ferguson,2,3,5
Tony Gravely,3,2,5
Tony Kelley,2,2,4
Tony Sims,2,1,3
Tonya Evinger,1,0,1
Tor Troeng,1,0,1
Tracy Cortez,0,1,1
Travis Browne,4,4,8
Tresean Gore,1,1,2
Trevin Giles,3,1,4
Trevin Jones,2,1,3
Trevor Peek,0,1,1
Trevor Smith,6,2,8
Trey Ogden,1,0,1
Trey Waters,0,1,1
Tristan Connelly,2,1,3
Tucker Lutz,2,1,3
Tyler Toner,1,0,1
Tyron Woodley,3,2,5
Tyson Nam,3,1,4
Tyson Pedro,3,1,4
Ulysses Gomez,2,0,2
Umar Nurmagomedov,0,2,2
Uriah Hall,1,3,4
Urijah Faber,2,0,2
Uros Medic,0,2,2
Vagner Rocha,2,1,3
Val Woodburn,1,0,1
Valentina Shevchenko,1,2,3
Valerie Letourneau,0,2,2
Valmir Lazaro,1,1,2
Vanessa Demopoulos,2,1,3
Vanessa Melo,2,1,3
Vaughan Lee,4,2,6
Veronica Hardy,0,1,1
Veronica Macedo,1,0,1
Viacheslav Borshchev,2,2,4
Vicente Luque,3,3,6
Victor Altamirano,1,1,2
Victor Henry,1,1,2
Victor Martinez,1,0,1
Victor Rodriguez,2,0,2
Victoria Leonardo,1,1,2
Vik Grujic,1,1,2
Viktor Pesta,2,0,2
Vinc Pichel,1,4,5
Vince Cachero,1,0,1
Vince Morales,4,2,6
Vinicius Moreira,3,0,3
Vinicius Queiroz,1,0,1
Vinicius Salvador,2,0,2
Vinny Magalhaes,1,1,2
Virna Jandiroba,3,3,6
Viscardi Andrade,0,1,1
Vitor Belfort,1,0,1
Vitor Miranda,1,0,1
Viviane Araujo,3,4,7
Viviane Pereira,1,1,2
Vladimir Matyushenko,2,1,3
Volkan Oezdemir,1,3,4
Wagner Campos,1,0,1
Wagner Prado,1,0,1
Wagner Silva,1,0,1
Waldo Cortes-Acosta,1,2,3
Walel Watson,2,0,2
Walt Harris,6,2,8
Warlley Alves,1,1,2
Waylon Lowe,1,1,2
Wellington Turman,4,3,7
Wendell Oliveira Marques,1,0,1
Westin Wilson,1,0,1
Will Brooks,1,1,2
Will Chope,1,0,1
Willamy Freire,1,0,1
William Gomis,0,1,1
William Knight,2,1,3
Willie Gates,3,1,4
Wilson Reis,3,3,6
Wu Ya0,1,0,1
Wuliji Buren,1,0,1
Yair Rodriguez,2,2,4
Yan Xiao0,1,6,7
Yana Kunitskaya,2,3,5
Yana Santos,1,0,1
Yanal Ashmouz,1,1,2
Yancy Medeiros,7,4,11
Yanis Ghemmouri,1,0,1
Yao Zhikui,0,1,1
Yaotzin Meza,3,2,5
Yasuhiro Urushitani,1,0,1
Yi Zha,1,0,1
Yoel Romero,1,7,8
Yohan Lainesse,2,1,3
Yoislandy Izquierdo,2,0,2
Yorgan De Castro,1,1,2
Yosdenis Cedeno,2,0,2
Yoshihiro Akiyama,3,0,3
Yoshinori Horie,1,0,1
Youssef Zalal,2,2,4
Yui Chul Nam,1,1,2
Yuri Villefort,1,0,1
Yushin Okami,1,3,4
Yusuke Kasuya,1,0,1
Yuta Sasaki,5,3,8
Yves Edwards,1,1,2
Yves Jabouin,2,1,3
Zabit Magomedsharipov,0,2,2
Zac Pauga,1,1,2
Zach Makovsky,3,1,4
Zak Cummings,3,4,7
Zak Ottow,4,3,7
Zarrukh Adashev,3,1,4
Zelim Imadaev,2,0,2
Zhalgas Zhumagulov,5,0,5
Zhang Weili,0,2,2
Zubaira Tukhugov,2,3,5
Zviad Lazishvili,1,0,1
AJ Dobson ,1,1,2
AJ Fletcher ,1,1,2
Aalon Cruz ,1,0,1
Aaron Phillips ,2,0,2
Aaron Riley ,1,1,2
Aaron Rosa ,0,1,1
Aaron Simpson ,3,3,6
Abdul Razak Alhassan ,4,1,5
Abel Trujillo ,1,3,4
Abubakar Nurmagomedov ,2,1,3
Abus Magomedov ,0,1,1
Adam Milstead ,1,0,1
Adam Wieczorek ,1,0,1
Adam Yandiev ,1,0,1
Adrian Yanez ,0,4,4
Adriano Martins ,0,3,3
Aiemann Zahabi ,2,4,6
Aisling Daly ,0,2,2
Akbarh Arreola ,1,0,1
Akira Corassani ,2,2,4
Al Iaquinta ,4,4,8
Alan Baudot ,1,0,1
Alan Belcher ,0,1,1
Alan Jouban ,3,5,8
Alan Omer ,2,0,2
Alan Patrick ,0,4,4
Alatengheili ,0,3,3
Albert Cheng ,1,0,1
Albert Duraev ,1,1,2
Albert Morales ,2,1,3
Albert Tumenov ,1,1,2
Alberto Mina ,1,1,2
Alberto Uda ,1,0,1
Alejandro Perez ,3,4,7
Aleksa Camur ,1,1,2
Aleksandra Albu ,1,0,1
Aleksei Kunchenko ,0,1,1
Aleksei Oleinik ,5,6,11
Alen Amedovski ,1,0,1
Alessio Di Chirico ,5,2,7
Alessio Sakara ,2,1,3
Alex Caceres ,5,13,18
Alex Chambers ,1,1,2
Alex Garcia ,2,0,2
Alex Gorgees ,1,0,1
Alex Morono ,2,5,7
Alex Oliveira ,6,7,13
Alex Pereira ,0,2,2
Alex Perez ,0,2,2
Alex Reyes ,1,0,1
Alex Soto ,1,0,1
Alex White ,2,1,3
Alexa Grasso ,2,2,4
Alexander Gustafsson ,3,5,8
Alexander Her0dez ,5,3,8
Alexander Munoz ,0,1,1
Alexander Volkanovski ,0,2,2
Alexander Volkov ,1,7,8
Alexander Yakovlev ,1,1,2
Alexandr Romanov ,0,6,6
Alexandre Pantoja ,2,7,9
Alexis Davis ,3,7,10
Alexis Dufresne ,1,0,1
Ali AlQaisi ,1,0,1
Ali Bagautinov ,0,1,1
Aliaskhab Khizriev ,0,1,1
Alistair Overeem ,7,7,14
Aljamain Sterling ,1,6,7
Allan Nascimento ,0,1,1
Allen Crowder ,1,0,1
Alonzo Menifield ,2,6,8
Alptekin Ozkilic ,2,0,2
Alvaro Herrera Mendoza ,1,0,1
Amanda Cooper ,1,1,2
Amanda Lemos ,1,3,4
Amanda Nunes ,0,4,4
Amanda Ribas ,1,3,4
Amir Albazi ,0,3,3
Amir Sadollah ,2,3,5
Anderson Silva ,1,2,3
Andre Ewell ,0,3,3
Andre Fialho ,3,1,4
Andre Fili ,3,5,8
Andre Muniz ,1,2,3
Andre Petroski ,1,3,4
Andre Soukhamthath ,0,1,1
Andre Winner ,1,1,2
Andrea Lee ,2,2,4
Andreas Michailidis ,0,1,1
Andreas Stahl ,1,0,1
Andrei Arlovski ,11,9,20
Andrew Craig ,1,0,1
Andrew Sanchez ,3,3,6
Andy Ogle ,4,1,5
Ange Loosa ,0,1,1
Angela Hill ,1,5,6
Angela Magana ,1,0,1
Anistavio Medeiros ,1,0,1
Anna Elmose ,1,0,1
Anthony Birchak ,1,1,2
Anthony Christodoulou ,1,0,1
Anthony Hamilton ,4,1,5
Anthony Her0dez ,1,2,3
Anthony Ivy ,1,0,1
Anthony Johnson ,0,6,6
Anthony Lapsley ,1,0,1
Anthony Njokuani ,2,2,4
Anthony Perosh ,3,2,5
Anthony Pettis ,4,7,11
Anthony Rocco Martin ,2,5,7
Anthony Smith ,4,5,9
Anton Kuivanen ,1,0,1
Antonina Shevchenko ,1,3,4
Antonio Arroyo ,1,0,1
Antonio Braga Neto ,1,1,2
Antonio Carlos Junior ,2,5,7
Antonio Carvalho ,1,2,3
Antonio Rodrigo Nogueira ,2,2,4
Antonio Silva ,3,1,4
Anying Wang ,1,0,1
Aoriqileng ,1,3,4
Ariane Carnelossi ,2,0,2
Ariane Lipski ,1,5,6
Ariel Beck ,1,0,1
Arjan Bhullar ,1,2,3
Arman Tsarukyan ,1,5,6
Armen Petrosyan ,0,3,3
Arnold Allen ,1,7,8
Artem Lobov ,2,2,4
Ashlee Evans-Smith ,4,1,5
Ashley Yoder ,3,3,6
Askar Askarov ,1,0,1
Aspen Ladd ,1,3,4
Augusto Montano ,2,1,3
Augusto Sakai ,2,2,4
Austin Arnett ,1,0,1
Austin Hubbard ,1,2,3
Austin Lingo ,2,1,3
Azat Maksum ,1,0,1
BJ Penn ,5,0,5
Barb Honchak ,1,0,1
Bart Palaszewski ,1,0,1
Bartosz Fabinski ,1,1,2
Bea Malecki ,1,1,2
Bec Rawlings ,3,2,5
Belal Muhammad ,1,6,7
Ben Alloway ,1,1,2
Ben Nguyen ,0,2,2
Ben Rothwell ,4,5,9
Ben Saunders ,4,1,5
Ben Sosoli ,1,0,1
Ben Wall ,1,0,1
Beneil Dariush ,3,8,11
Benito Lopez ,1,1,2
Benoit Saint Denis ,0,2,2
Benson Henderson ,1,4,5
Bentley Syler ,1,0,1
Bethe Correia ,3,1,4
Bevon Lewis ,1,1,2
Bibulatov Magomed ,1,0,1
Bill Algeo ,0,3,3
Billy Quarantillo ,0,4,4
Blagoy Ivanov ,1,2,3
Blood Diamond ,1,0,1
Bo Nickal ,0,2,2
Bobby Green ,5,4,9
Bobby Nash ,1,0,1
Bobby Voelker ,1,0,1
Bojan Mihajlovic ,2,0,2
Bojan Velickovic ,1,0,1
Boston Salmon ,1,0,1
Brad Katona ,3,2,5
Brad Pickett ,7,4,11
Brad Riddell ,3,3,6
Brad Scott ,4,2,6
Brad Tavares ,7,7,14
Brady Hiestand ,0,2,2
Brandon Davis ,1,1,2
Brandon Moreno ,1,3,4
Brandon Royval ,0,3,3
Brandon Thatch ,2,0,2
Brandon Vera ,1,1,2
Braxton Smith ,1,0,1
Brendan Allen ,1,6,7
Brendan Lough0e ,1,0,1
Brendan O'Reilly ,1,0,1
Brendan Schaub ,1,5,6
Brett Johns ,0,4,4
Brian Bowles ,1,2,3
Brian Ebersole ,3,2,5
Brian Foster ,0,1,1
Brian Kelleher ,4,4,8
Brian Ortega ,1,3,4
Brian Stann ,0,3,3
Bristol Marunde ,1,0,1
Brock Lesnar ,1,0,1
Brogan Walker ,1,0,1
Brok Weaver ,0,1,1
Bruna Brasil ,1,0,1
Brunno Ferreira ,1,0,1
Bruno Korea ,1,0,1
Bruno Santos ,1,0,1
Bruno Silva ,3,2,5
Bryan Barberena ,4,3,7
Bryan Battle ,1,4,5
Bryan Caraway ,1,3,4
Bryce Mitchell ,1,5,6
Bubba Bush ,1,0,1
Buddy Roberts ,0,1,1
CB Dollaway ,3,3,6
CJ Vergara ,1,2,3
CM Punk ,1,0,1
Cain Velasquez ,0,3,3
Caio Borralho ,0,4,4
Caio Magalhaes ,0,3,3
Callan Potter ,2,1,3
Calvin Kattar ,2,4,6
Cameron Saaiman ,0,2,2
Caol Uno ,1,0,1
Carla Esparza ,2,6,8
Carlos Candelario ,1,0,1
Carlos Condit ,6,6,12
Carlos Felipe ,1,2,3
Carlos Her0dez ,0,1,1
Carlos Ulberg ,0,5,5
Carls John De Tomas ,1,0,1
Carlston Harris ,0,1,1
Carlton Minus ,1,0,1
Casey Kenney ,1,1,2
Casey O'Neill ,1,1,2
Cat Zingano ,2,2,4
Cathal Pendred ,2,3,5
Cesar Arzamendia ,2,0,2
Cezar Ferreira ,3,6,9
Chad Anheliger ,2,1,3
Chad Laprise ,2,5,7
Chad Mendes ,1,8,9
Chael Sonnen ,0,3,3
Chan Sung Jung ,1,3,4
Charles Byrd ,2,0,2
Charles Johnson ,1,2,3
Charles Jourdain ,2,2,4
Charles Oliveira ,1,9,10
Charles Rosa ,2,5,7
Charlie Brenneman ,1,4,5
Charlie Ward ,2,0,2
Chas Skelly ,1,6,7
Chase Hooper ,2,5,7
Chase Sherman ,3,2,5
Che Mills ,0,1,1
Cheick Kongo ,0,4,4
Cheyanne Vlismas ,2,2,4
Chico Camus ,1,1,2
Chidi Njokuani ,2,2,4
Chris Barnett ,1,0,1
Chris Beal ,1,2,3
Chris Camozzi ,4,6,10
Chris Cariaso ,3,4,7
Chris Clements ,1,0,1
Chris Cope ,1,0,1
Chris Curtis ,1,3,4
Chris Daukaus ,0,2,2
Chris Dempsey ,1,0,1
Chris Duncan ,0,2,2
Chris Gruetzemacher ,2,2,4
Chris Gutierrez ,0,4,4
Chris Holdsworth ,0,1,1
Chris Indich ,1,0,1
Chris Kelades ,0,1,1
Chris Leben ,5,3,8
Chris Lytle ,0,2,2
Chris Spang ,1,0,1
Chris Tuchscherer ,0,1,1
Chris Wade ,1,3,4
Chris Weidman ,4,1,5
Chris de la Rocha ,2,0,2
Christian Aguilera ,1,0,1
Christian Duncan ,0,1,1
Christian Leroy Duncan ,0,1,1
Christian Morecraft ,1,0,1
Christian Rodriguez ,0,2,2
Christina Marks ,1,0,1
Christos Giagos ,1,1,2
Chuck Liddell ,1,0,1
Chuck O'Neil ,1,0,1
Ciryl Gane ,0,6,6
Claude Patrick ,1,0,1
Claudia Gadelha ,4,7,11
Claudio Puelles ,0,4,4
Claudio Ribeiro ,1,0,1
Claudio Silva ,2,3,5
Clay Collard ,1,0,1
Clay Guida ,9,10,19
Clay Harvison ,1,1,2
Clayton Carpenter ,0,1,1
Clifford Starks ,1,0,1
Clint Hester ,0,2,2
Cody Brundage ,3,1,4
Cody Donovan ,3,0,3
Cody Durden ,0,4,4
Cody East ,1,0,1
Cody Garbrandt ,1,4,5
Cody Gibson ,1,0,1
Cody McKenzie ,2,2,4
Cody Stamann ,1,3,4
Colby Covington ,0,5,5
Cole Escovedo ,1,0,1
Cole Miller ,5,5,10
Cole Smith ,2,0,2
Cole Williams ,1,0,1
Collin Anglin ,1,0,1
Colton Smith ,3,0,3
Conor McGregor ,1,4,5
Constantinos Philippou ,1,2,3
Corey Anderson ,2,5,7
Cortney Casey ,3,4,7
Cory Hendricks ,1,0,1
Cory McKenna ,1,1,2
Cory Sandhagen ,1,4,5
Court McGee ,9,8,17
Cristiano Marcello ,3,1,4
Cub Swanson ,6,13,19
Cung Le ,0,1,1
Curtis Blaydes ,2,7,9
Curtis Millender ,1,2,3
Cynthia Calvillo ,4,2,6
Cyril Asker ,1,1,2
Cyrille Diabate ,3,2,5
Da Woon Jung ,1,0,1
Da'Mon Blackshear ,2,2,4
Da-Un Jung ,0,3,3
DaMarques Johnson ,3,3,6
Daichi Abe ,0,1,1
Dakota Bush ,1,0,1
Dalcha Lungiambula ,2,2,4
Damacio Page ,1,0,1
Damian Grabowski ,1,0,1
Damian Stasiak ,3,0,3
Damien Brown ,3,1,4
Damir Hadzovic ,1,1,2
Damir Ismagulov ,1,3,4
Damon Jackson ,0,3,3
Dan Argueta ,1,1,2
Dan Hardy ,2,2,4
Dan Henderson ,1,1,2
Dan Hooker ,2,7,9
Dan Ige ,2,6,8
Dan Miller ,3,2,5
Dan Stittgen ,1,0,1
Danaa Batgerel ,0,3,3
Daniel Cormier ,0,4,4
Daniel Da Silva ,2,0,2
Daniel Jolly ,1,0,1
Daniel Kelly ,2,4,6
Daniel Omielanczuk ,3,2,5
Daniel Pineda ,1,2,3
Daniel Roberts ,2,1,3
Daniel Rodriguez ,2,3,5
Daniel Santos ,0,1,1
Daniel Sarafian ,3,2,5
Daniel Spitz ,1,0,1
Daniel Teymur ,1,1,2
Daniel Zellhuber ,0,1,1
Danielle Taylor ,2,0,2
Danny Castillo ,2,4,6
Danny Downes ,1,0,1
Danny Henry ,1,2,3
Danny Martinez ,1,0,1
Danny Roberts ,4,6,10
Darian Weeks ,1,0,1
Darko Stosic ,2,0,2
Daron Cruickshank ,3,4,7
Darrell Montague ,1,0,1
Darren Elkins ,7,11,18
Darren Stewart ,3,0,3
Darren Till ,2,2,4
Darren Uyenoyama ,1,1,2
Darrick Minner ,1,1,2
Dave Herman ,0,1,1
Davey Grant ,4,2,6
Davi Ramos ,1,3,4
David Branch ,3,1,4
David Dvorak ,2,1,3
David Loiseau ,1,0,1
David Michaud ,1,1,2
David Onama ,0,2,2
David Teymur ,0,3,3
David Zawada ,1,0,1
Dean Barry ,1,0,1
Deiveson Figueiredo ,0,3,3
Delson Heleno ,1,0,1
Demetrious Johnson ,0,1,1
Demian Maia ,6,14,20
Denis Tiuliulin ,0,1,1
Denise Gomes ,1,0,1
Dennis Bermudez ,5,9,14
Dennis Buzukja ,1,0,1
Dennis Hallman ,1,0,1
Dennis Siver ,2,5,7
Dequan Townsend ,1,0,1
Derek Brunson ,2,10,12
Deron Winn ,1,1,2
Derrick Lewis ,5,15,20
Desmond Green ,0,2,2
Devin Clark ,3,4,7
Devin Powell ,3,1,4
Devonte Smith ,3,2,5
Dhiego Lima ,2,1,3
Diana Belbita ,2,2,4
Diego Brandao ,2,4,6
Diego Ferreira ,4,2,6
Diego Lopes ,0,2,2
Diego Nunes ,1,0,1
Diego Rivas ,1,1,2
Diego Sanchez ,6,8,14
Dmitrii Smoliakov ,1,0,1
Domingo Pilarte ,1,0,1
Dominick Cruz ,0,2,2
Dominick Reyes ,2,1,3
Dominique Steele ,0,1,1
Don Madge ,0,1,1
Don'Tale Mayes ,1,2,3
Donald Cerrone ,6,18,24
Dong Hyun Kim ,2,7,9
Dong Hyun Ma ,1,1,2
Dongi Yang ,0,1,1
Dooho Choi ,1,2,3
Douglas Silva de Andrade ,3,5,8
Drakkar Klose ,0,3,3
Drew Dober ,2,9,11
Duane Ludwig ,2,1,3
Dusko Todorovic ,1,0,1
Dustin Hazelett ,1,0,1
Dustin Jacoby ,3,7,10
Dustin Kimura ,0,1,1
Dustin Ortiz ,2,5,7
Dustin Pague ,3,1,4
Dustin Poirier ,3,18,21
Dustin Stoltzfus ,1,0,1
Dwight Grant ,2,2,4
Dylan Andrews ,3,2,5
Ed Herman ,3,6,9
Eddie Alvarez ,1,1,2
Eddie Gordon ,2,0,2
Eddie Wineland ,6,4,10
Edgar Garcia ,1,0,1
Edimilson Souza ,1,2,3
Edmen Shahbazyan ,2,3,5
Ednaldo Oliveira ,1,0,1
Edson Barboza ,8,11,19
Eduarda Moura ,0,1,1
Eduardo Garagorri ,0,1,1
Edwin Figueroa ,1,1,2
Efrain Escudero ,3,3,6
Elias Garcia ,1,0,1
Elias Silverio ,1,1,2
Elias Theodorou ,1,7,8
Eliot Marshall ,1,0,1
Elise Reed ,1,1,2
Elizabeth Phillips ,1,0,1
Elizeu Zaleski dos Santos ,2,7,9
Elvis Mutapcic ,1,0,1
Emil Meek ,1,0,1
Emily Kagan ,1,0,1
Emily Whitmire ,2,0,2
Enrique Barzola ,3,3,6
Eric Schafer ,1,0,1
Eric Shelton ,3,0,3
Eric Spicely ,3,1,4
Erick Gonzalez ,1,0,1
Erick Montano ,2,0,2
Erick Silva ,4,7,11
Erik Koch ,4,3,7
Erik Perez ,1,4,5
Erin Blanchfield ,0,3,3
Ernest Chavez ,0,1,1
Eryk Anders ,3,6,9
Esteban Ribovics ,1,0,1
Estevan Payan ,1,0,1
Evan Dunham ,1,5,6
Evan Elder ,0,1,1
Fabio Maldonado ,2,4,6
Fabricio Camoes ,1,1,2
Fabricio Werdum ,2,6,8
Fares Ziam ,0,2,2
Farid Basharat ,0,2,2
Felice Herrig ,3,4,7
Felipe Arantes ,4,3,7
Fer0do Padilla ,1,0,1
Filip Pejic ,1,0,1
Forrest Griffin ,0,2,2
Forrest Petz ,1,0,1
Francimar Barroso ,2,2,4
Francis Carmont ,2,3,5
Francis Marshall ,2,0,2
Francis Ngannou ,1,7,8
Francisco Figueiredo ,1,1,2
Francisco Rivera ,3,1,4
Francisco Trevino ,2,0,2
Francisco Trinaldo ,3,15,18
Frank Camacho ,3,0,3
Frank Mir ,3,4,7
Frankie Edgar ,4,8,12
Frankie Perez ,2,0,2
Frankie Saenz ,3,2,5
Fredson Paixao ,1,0,1
Gabe Green ,0,2,2
Gabriel Benitez ,6,6,12
Gabriel Bonfim ,1,2,3
Gabriel Gonzaga ,2,5,7
Gabriel Silva ,1,0,1
Gadzhimurad Antigulov ,3,0,3
Garreth McLellan ,2,0,2
Gavin Tucker ,1,3,4
Gegard Mousasi ,1,5,6
Geoff Neal ,1,5,6
George Roop ,2,2,4
George Sotiropoulos ,4,3,7
George Sullivan ,2,2,4
Gerald Harris ,1,3,4
Gerald Meerschaert ,2,3,5
Geraldo de Freitas ,2,1,3
Germaine de Randamie ,0,3,3
Gian Villante ,8,4,12
Giga Chikadze ,0,5,5
Gilbert Burns ,3,9,12
Gilbert Melendez ,2,1,3
Gilbert Urbina ,1,0,1
Gillian Robertson ,2,7,9
Gina Mazany ,3,1,4
Glaico Franca Moreira ,2,0,2
Gleison Tibau ,4,6,10
Gloria de Paula ,1,0,1
Glover Teixeira ,2,11,13
Godofredo Pepey ,2,5,7
Gokhan Saki ,1,1,2
Grant Dawson ,1,3,4
Gray Maynard ,6,4,10
Greg Hardy ,1,3,4
Gregor Gillespie ,0,4,4
Gregory Rodrigues ,1,1,2
Grigory Popov ,1,0,1
Guangyou Ning ,1,1,2
Guido Cannetti ,1,1,2
Gunnar Nelson ,3,7,10
Guram Kutateladze ,1,0,1
Gustavo Lopez ,0,1,1
Hacran Dias ,3,1,4
Hailey Cowan ,1,0,1
Hakeem Dawodu ,1,5,6
Hannah Cifers ,1,1,2
Hatsu Hioki ,3,3,6
Hayder Hassan ,1,0,1
Hector Lombard ,3,1,4
Hector Sandoval ,0,2,2
Hector Urbina ,1,0,1
Henrique da Silva ,2,1,3
Henry Briones ,3,1,4
Henry Cejudo ,0,4,4
Henry Martinez ,0,1,1
Herbert Burns ,1,1,2
Her0i Perpetuo ,1,0,1
Holly Holm ,3,5,8
Hu Yaozong ,2,0,2
Hugo Viana ,2,0,2
Humberto Bandenay ,1,0,1
Hunter Azure ,2,0,2
Hyun Gyu Lim ,2,1,3
HyunSung Park ,0,1,1
Ian Entwistle ,1,0,1
Ian Garry ,0,4,4
Ian Heinisch ,1,1,2
Ian Loveland ,0,1,1
Ian McCall ,1,1,2
Iasmin Lucindo ,0,1,1
Ignacio Bahamondes ,1,0,1
Igor Araujo ,2,1,3
Igor Pokrajac ,2,2,4
Ike Villanueva ,1,1,2
Ildemar Alcantara ,1,2,3
Ilia Topuria ,0,1,1
Iliarde Santos ,1,0,1
Ilir Latifi ,3,5,8
Impa Kasanganay ,2,1,3
Ion Cutelaba ,2,3,5
Irene Aldana ,0,5,5
Irina Alekseeva ,1,0,1
Irwin Rivera ,0,1,1
Isaac Vallie-Flagg ,1,0,1
Islam Makhachev ,0,7,7
Ismael Bonfim ,1,1,2
Ismail Naurdiev ,1,0,1
Israel Adesanya ,0,2,2
Istela Nunes ,2,0,2
Iuri Alcantara ,4,8,12
Ivan Jorge ,0,1,1
Ivan Menjivar ,2,4,6
Ivana Petrovic ,1,0,1
Izabela Badurek ,1,0,1
JJ Aldrich ,0,4,4
JP Buys ,2,0,2
Jacare Souza ,5,7,12
Jack Della Maddalena ,0,5,5
Jack Hermansson ,4,4,8
Jack Jenkins ,1,1,2
Jack Marshman ,1,2,3
Jack Shore ,0,5,5
Jacob Kilburn ,1,0,1
Jacob Malkoun ,2,0,2
Jacob Volkmann ,2,5,7
Jafel Filho ,0,1,1
Jai Herbert ,2,1,3
Jailton Almeida ,0,3,3
Jairzinho Rozenstruik ,2,2,4
Jake Collier ,1,3,4
Jake Ellenberger ,7,6,13
Jake Hadley ,1,1,2
Jake Hecht ,1,0,1
Jake Lindsey ,1,0,1
Jake Matthews ,5,9,14
Jake Shields ,2,2,4
Jalin Turner ,2,3,5
Jamahal Hill ,0,1,1
Jamall Emmers ,2,2,4
James Head ,1,0,1
James Irvin ,1,0,1
James Krause ,1,4,5
James McSweeney ,2,0,2
James Moontasri ,1,2,3
James Mulheron ,1,0,1
James Te Huna ,2,5,7
James Vick ,2,5,7
James Wilks ,1,1,2
Jamie Moyle ,1,0,1
Jamie Mullarkey ,2,3,5
Jamie Pickett ,0,2,2
Jamie Varner ,4,0,4
Jamie Yager ,1,0,1
Jan Blachowicz ,3,5,8
Jaqueline Amorim ,1,1,2
Jared Cannonier ,2,6,8
Jared Gooden ,1,0,1
Jared Gordon ,3,5,8
Jared Hamman ,4,0,4
Jared Papazian ,1,0,1
Jared Rosholt ,1,4,5
Jared Vanderaa ,1,0,1
Jarred Brooks ,1,0,1
Jasmine Jasudavicius ,1,2,3
Jason Brilz ,1,0,1
Jason Gonzalez ,0,1,1
Jason High ,0,1,1
Jason Knight ,3,0,3
Jason MacDonald ,2,1,3
Jason Miller ,1,0,1
Jason Saggo ,3,3,6
Jason Witt ,1,0,1
Jason Young ,1,1,2
Javid Basharat ,0,1,1
Jeff Curran ,1,0,1
Jeff Hougland ,0,1,1
Jeff Molina ,0,2,2
Jeka Saragih ,1,1,2
Jenel Lausa ,3,0,3
Jennifer Maia ,2,3,5
JeongYeong Lee ,0,2,2
Jeremiah Wells ,1,2,3
Jeremy Kennedy ,0,1,1
Jeremy Kimball ,2,0,2
Jeremy Larsen ,1,0,1
Jeremy Stephens ,5,4,9
Jessamyn Duke ,3,1,4
Jesse Bongfeldt ,1,0,1
Jesse Forbes ,1,0,1
Jesse Ronson ,1,0,1
Jessica Aguilar ,1,1,2
Jessica Andrade ,6,8,14
Jessica Eye ,5,2,7
Jessica Penne ,4,2,6
Jessica Rakoczy ,1,0,1
Jessica-Rose Clark ,5,2,7
Jessin Ayari ,0,1,1
Ji Yeon Kim ,5,1,6
Jim Alers ,1,0,1
Jim Miller ,9,18,27
Jimi Manuwa ,4,4,8
Jimmie Rivera ,3,3,6
Jimmy Crute ,2,4,6
Jimmy Flick ,1,1,2
Jimy Hettes ,1,2,3
Jinh Yu Frey ,0,1,1
Joachim Christensen ,2,0,2
Joanderson Brito ,0,2,2
Joanna Jedrzejczyk ,0,2,2
Joanne Wood ,5,6,11
Joao Zeferino ,1,0,1
Joaquim Silva ,2,3,5
Joaquin Buckley ,1,4,5
Joby Sanchez ,1,0,1
Jocelyn Jones-Lybarger ,1,0,1
Joe Doerksen ,1,0,1
Joe Duffy ,1,3,4
Joe Ellenberger ,1,1,2
Joe Lauzon ,7,8,15
Joe Proctor ,2,2,4
Joe Pyfer ,0,2,2
Joe Riggs ,1,1,2
Joe Solecki ,1,3,4
Joe Soto ,3,0,3
Joe Stevenson ,3,0,3
Joel Alvarez ,0,2,2
Joey Beltran ,2,3,5
John Albert ,2,0,2
John Alessio ,1,0,1
John Castaneda ,0,1,1
John Dodson ,3,9,12
John Gunderson ,0,1,1
John Gunther ,0,1,1
John Hathaway ,1,3,4
John Howard ,4,2,6
John Lineker ,2,7,9
John Maguire ,0,1,1
John Makdessi ,6,8,14
John Moraga ,3,6,9
John Phillips ,2,0,2
John Teixeira ,1,0,1
Johnny Bedford ,1,1,2
Johnny Case ,0,1,1
Johnny Eduardo ,2,1,3
Johnny Munoz ,2,1,3
Johnny Walker ,2,3,5
Johny Hendricks ,5,6,11
Jon Fitch ,2,2,4
Jon Jones ,0,2,2
Jon Madsen ,1,3,4
Jon Manley ,1,0,1
Jon Tuck ,2,1,3
Jonathan Brookins ,2,1,3
Jonathan Martinez ,1,3,4
Jonathan Pearce ,1,3,4
Jonathan Wilson ,2,0,2
Jonavin Webb ,1,0,1
Jordan Espinosa ,3,1,4
Jordan Griffin ,1,1,2
Jordan Johnson ,0,2,2
Jordan Leavitt ,0,3,3
Jordan Mein ,3,3,6
Jordan Rinaldi ,1,0,1
Jordan Williams ,1,0,1
Jordan Wright ,3,1,4
Jorge Masvidal ,3,5,8
Jorge Rivera ,1,1,2
Jorge de Oliveira ,1,0,1
Jose Aldo ,2,4,6
Jose Maria ,1,0,1
Jose Quinonez ,0,4,4
Josefine Knutsson ,0,1,1
Joselyne Edwards ,0,2,2
Joseph Benavidez ,3,14,17
Joseph Gigliotti ,1,0,1
Joseph Holmes ,2,1,3
Joseph Morales ,1,1,2
Joseph Sandoval ,1,0,1
Josh Barnett ,2,1,3
Josh Bryant ,1,0,1
Josh Culibao ,0,2,2
Josh Emmett ,3,6,9
Josh Fremd ,1,1,2
Josh Grispi ,2,0,2
Josh Koscheck ,3,2,5
Josh Neer ,1,1,2
Josh Parisian ,3,2,5
Josh Quinlan ,1,0,1
Josh Samman ,1,2,3
Josh Sampo ,0,1,1
Josh Stansbury ,2,0,2
Josh Thomson ,2,0,2
Joshua Burkman ,4,1,5
Joshua Van ,0,2,2
Journey Newson ,1,1,2
Juan Adams ,1,0,1
Juan Espino ,0,1,1
Juan Manuel Puig ,1,0,1
Julia Avila ,1,3,4
Julian Erosa ,3,2,5
Julian Marquez ,2,1,3
Juliana Lima ,1,3,4
Juliana Miller ,2,0,2
Julianna Pena ,0,3,3
Julie Kedzie ,2,0,2
Julio Arce ,3,4,7
Jumabieke Tuerxun ,3,0,3
JunYong Park ,1,1,2
Junior Albini ,2,0,2
Junior Assuncao ,0,1,1
Junior Dos Santos ,3,6,9
Jussier Formiga ,5,8,13
Justin Edwards ,1,1,2
Justin Gaethje ,0,3,3
Justin Lawrence ,2,1,3
Justin Ledet ,1,2,3
Justin Salas ,1,1,2
Justin Scoggins ,3,1,4
Justin Tafa ,2,3,5
Justin Willis ,0,2,2
Justine Kish ,1,3,4
KJ Noons ,1,0,1
Kai Kamaka ,1,1,2
Kai Kara-France ,2,4,6
Kailin Curran ,3,1,4
Kajan Johnson ,2,1,3
Kalindra Faria ,1,0,1
Kamal Shalorus ,1,0,1
Kamaru Usman ,0,5,5
Kamuela Kirk ,1,0,1
Kanako Murata ,1,0,1
Karine Gevorgyan ,1,0,1
Karine Silva ,0,3,3
Karl Roberson ,2,2,4
Karl Williams ,0,2,2
Karlos Vemola ,1,0,1
Karo Parisyan ,1,0,1
Karol Rosa ,0,4,4
Karolina Kowalkiewicz ,4,6,10
Katlyn Chookagian ,3,9,12
Katsunori Kikuno ,1,2,3
Kaue Fer0des ,1,0,1
Kay Hansen ,2,1,3
Kazuki Tokudome ,2,0,2
Kazula Vargas ,1,1,2
Keita Nakamura ,1,3,4
Keith Berish ,1,0,1
Keith Jardine ,1,0,1
Keith Wisniewski ,2,0,2
Kelly Faszholz ,1,0,1
Kelvin Gastelum ,1,5,6
Ken Stone ,1,2,3
Kendall Grove ,3,1,4
Kennedy Nzechukwu ,2,5,7
Kenny Florian ,1,2,3
Kenny Robertson ,1,3,4
Ketlen Vieira ,3,3,6
Kevin Aguilar ,2,0,2
Kevin Casey ,0,1,1
Kevin Ferguson ,1,0,1
Kevin Holland ,1,9,10
Kevin Jousset ,0,1,1
Kevin Lee ,4,3,7
Khabib Nurmagomedov ,0,3,3
Khadis Ibragimov ,2,0,2
Khalid Murtazaliev ,0,1,1
Khalid Taha ,3,0,3
Khalil Rountree Jr. ,3,3,6
Khama Worthy ,1,0,1
Khamzat Chimaev ,0,2,2
Khaos Williams ,0,2,2
Kiichi Kunimoto ,1,2,3
Kleydson Rodrigues ,1,0,1
Kris McCray ,1,0,1
Kris Moutinho ,1,0,1
Kron Gracie ,1,0,1
Krzysztof Jotko ,4,2,6
Krzysztof Soszynski ,2,2,4
Kurt Holobaugh ,1,1,2
Kurt Pellegrino ,1,1,2
Kwan Ho Kwak ,1,0,1
Kyle Bochniak ,2,1,3
Kyle Daukaus ,0,1,1
Kyle Kingsbury ,3,1,4
Kyle Nelson ,1,1,2
Kyle Noke ,4,4,8
Kyle Prepolec ,1,0,1
Kyle Stewart ,1,0,1
Kyler Phillips ,1,3,4
Kyoji Horiguchi ,0,6,6
Kyung Ho Kang ,0,6,6
Lando Vannata ,5,3,8
Landon Quinones ,1,0,1
Larissa Pacheco ,1,0,1
Laureano Staropoli ,0,1,1
Lauren Mueller ,1,0,1
Lauren Murphy ,2,6,8
Leandro Issa ,1,1,2
Leandro Silva ,0,2,2
Leon Edwards ,0,8,8
Leonard Garcia ,4,0,4
Leonardo Mafra ,0,1,1
Leonardo Santos ,2,5,7
Lerone Murphy ,0,3,3
Leslie Smith ,0,3,3
Li Jingliang ,1,8,9
Liana Jojua ,2,0,2
Liang Na ,1,0,1
Lina Lansberg ,4,2,6
Liudvik Sholinian ,1,0,1
Livinha Souza ,3,2,5
Liz Carmouche ,1,5,6
Loma Lookboonmee ,2,4,6
Loopy Godinez ,1,2,3
Lorenz Larkin ,3,0,3
Louis Cosce ,1,0,1
Louis Gaudinot ,2,1,3
Louis Smolka ,7,3,10
Luan Chagas ,0,1,1
Luan Lacerda ,1,0,1
Luana Carolina ,0,2,2
Luana Pinheiro ,1,1,2
Luana Santos ,0,1,1
Lucas Martins ,1,3,4
Lucie Pudilova ,1,0,1
Ludovit Klein ,1,0,1
Luigi Vendramini ,0,1,1
Luis Henrique ,2,2,4
Luis Pena ,1,4,5
Luis Saldana ,0,2,2
Luiz Cane ,3,1,4
Luiz Dutra ,1,0,1
Lukasz Sajewski ,1,0,1
Luke Barnatt ,2,3,5
Luke Jumeau ,1,2,3
Luke Rockhold ,0,4,4
Luke Sanders ,2,1,3
Luke Zachrich ,1,1,2
Lyman Good ,1,2,3
Lyoto Machida ,3,7,10
Mac Danzig ,2,2,4
Maciej Jewtuszko ,1,0,1
Mackens Semerzier ,1,0,1
Mackenzie Dern ,3,6,9
Macy Chiasson ,1,2,3
Mads Burnell ,0,1,1
Magnus Cedenblad ,1,3,4
Magomed Ankalaev ,0,7,7
Magomed Mustafaev ,0,1,1
Maheshate ,1,1,2
Maia Stevenson ,1,0,1
Mairbek Taisumov ,1,7,8
Makhmud Muradov ,2,2,4
Maki Pitolo ,4,0,4
Makwan Amirkhani ,3,3,6
Malcolm Gordon ,2,1,3
Mallory Martin ,0,1,1
Mana Martinez ,2,2,4
Mandy Bohm ,1,0,1
Manel Kape ,1,3,4
Manon Fiorot ,0,3,3
Manuel Torres ,0,1,1
Manvel Gamburyan ,2,3,5
Mara Romero Borella ,0,2,2
Marc Diakiese ,4,5,9
Marc-Andre Barriault ,2,2,4
Marcelo Golm ,0,1,1
Marcelo Guimaraes ,1,2,3
Marcelo Rojo ,1,0,1
Marcin Bandel ,1,0,1
Marcin Held ,1,1,2
Marcin Prachnio ,2,1,3
Marcin Tybura ,2,7,9
Marcio Alexandre Junior ,1,0,1
Marco Beltran ,1,2,3
Marco Polo Reyes ,1,2,3
Marcos Rogerio de Lima ,2,5,7
Marcos Vinicius ,1,1,2
Marcus Brimage ,4,2,6
Marcus Davis ,0,1,1
Marcus LeVesseur ,1,1,2
Marcus McGhee ,0,1,1
Maria Oliveira ,0,1,1
Marina Rodriguez ,2,5,7
Mario Bautista ,1,4,5
Mario Miranda ,1,0,1
Marion Reneau ,4,2,6
Mariya Agapova ,2,1,3
Mark Bocek ,2,4,6
Mark De La Rosa ,1,2,3
Mark Eddiva ,1,0,1
Mark Godbeer ,1,1,2
Mark Hominick ,3,1,4
Mark Hunt ,4,5,9
Mark Madsen ,0,2,2
Mark Munoz ,4,4,8
Markus Perez ,2,2,4
Marlon Moraes ,4,2,6
Marlon Vera ,1,9,10
Martin Bravo ,2,0,2
Martin Buday ,1,2,3
Martin Day ,2,0,2
Martin Kampmann ,0,1,1
Marvin Vettori ,1,4,5
Maryna Moroz ,2,3,5
Masio Fullen ,0,1,1
Mason Jones ,1,1,2
Mateusz Gamrot ,1,1,2
Mateusz Rebecki ,0,3,3
Matheus Nicolau ,0,2,2
Matt Bessette ,2,0,2
Matt Brown ,5,12,17
Matt Dwyer ,1,0,1
Matt Frevola ,3,3,6
Matt Hamill ,1,1,2
Matt Hughes ,2,2,4
Matt Mitrione ,0,5,5
Matt Sayles ,1,0,1
Matt Schnell ,0,4,4
Matt Serra ,1,1,2
Matt Van Buren ,1,0,1
Matt Wiman ,2,2,4
Matthew Lopez ,1,0,1
Matthew Riddle ,2,3,5
Matthew Semelsberger ,2,3,5
Maurice Greene ,3,3,6
Mauricio Rua ,9,8,17
Max Griffin ,2,2,4
Max Holloway ,0,10,10
Maximo Blanco ,1,2,3
Maycee Barber ,1,4,5
Mayra Bueno Silva ,1,4,5
Melissa Martinez ,1,0,1
Melsik Baghdasaryan ,0,1,1
Melvin Guillard ,3,6,9
Merab Dvalishvili ,1,2,3
Michael Bisping ,2,9,11
Michael Chandler ,0,1,1
Michael Chiesa ,6,4,10
Michael Graves ,0,1,1
Michael Johnson ,9,8,17
Michael Kuiper ,1,0,1
Michael McDonald ,1,4,5
Michael Morales ,0,3,3
Michael Trizano ,2,2,4
Michal Oleksiejczuk ,1,0,1
Michel Pereira ,1,3,4
Michel Prazeres ,2,7,9
Michelle Waterson ,0,3,3
Michelle Waterson-Gomez ,2,0,2
Michihiro Omigawa ,0,1,1
Michinori Tanaka ,1,0,1
Mick Parkin ,0,2,2
Mickael Lebout ,0,1,1
Mickey Gall ,1,4,5
Miesha Tate ,2,5,7
Miguel Baeza ,2,2,4
Miguel Torres ,2,2,4
Mike Brown ,2,2,4
Mike Davis ,0,3,3
Mike Easton ,0,2,2
Mike Grundy ,1,1,2
Mike Guymon ,1,0,1
Mike Jackson ,1,0,1
Mike Lullo ,1,0,1
Mike Malott ,0,2,2
Mike Massenzio ,2,0,2
Mike Perry ,3,2,5
Mike Pierce ,0,7,7
Mike Pyle ,5,6,11
Mike Ricci ,1,1,2
Mike Rio ,0,1,1
Mike Rodriguez ,2,0,2
Mike Russow ,1,1,2
Mike Santiago ,2,0,2
Mike Stumpf ,1,0,1
Mike Swick ,2,1,3
Mike Wilkinson ,1,0,1
Miles Johns ,2,2,4
Miranda Granger ,1,1,2
Miranda Maverick ,3,2,5
Mirko Filipovic ,2,2,4
Mirsad Bektic ,3,4,7
Misha Cirkunov ,5,5,10
Mitch Clarke ,3,1,4
Mitch Gagnon ,2,4,6
Mizuki,0,1,1
Mizuto Hirota ,2,0,2
Modestas Bukauskas ,2,1,3
Mohammed Usman ,0,3,3
Molly McCann ,3,6,9
Montana De La Rosa ,1,4,5
Montel Jackson ,0,4,4
Morgan Charriere ,0,1,1
Mounir Lazzez ,0,1,1
Movsar Evloev ,0,4,4
Muhammad Mokaev ,0,4,4
Muslim Salikhov ,1,2,3
Myles Jury ,1,4,5
Na Liang ,1,0,1
Nad Narimani ,0,1,1
Nadia Kassem ,1,0,1
Nah-Shon Burrell ,0,1,1
Nam Phan ,3,0,3
0dor Guelmino ,1,0,1
Naoki Inoue ,0,1,1
Naoyuki Kotani ,1,0,1
Nasrat Haqparast ,0,5,5
Nassourdine Imavov ,0,2,2
Natalia Silva ,0,2,2
Natan Levy ,0,2,2
Nate Diaz ,4,6,10
Nate Landwehr ,1,3,4
Nate Maness ,1,2,3
Nate Marquardt ,4,2,6
Nate Quarry ,1,0,1
Nathaniel Wood ,0,5,5
Nazim Sadykhov ,0,2,2
Neil Magny ,6,15,21
Neil Seery ,1,3,4
Nicholas Musoke ,2,1,3
Nick Catone ,1,2,3
Nick Diaz ,1,0,1
Nick Hein ,2,4,6
Nick Maximov ,2,0,2
Nick Osipczak ,2,0,2
Nick Penner ,1,0,1
Nick Ring ,3,2,5
Nicolae Negumereanu ,1,3,4
Nicolas Dalby ,1,2,3
Nik Lentz ,3,4,7
Nikita Krylov ,3,4,7
Niklas Backstrom ,2,0,2
Niklas Stolze ,2,0,2
Niko Price ,2,2,4
Nikolas Motta ,0,2,2
Nina Nunes ,1,0,1
Noad Lahat ,1,0,1
Nolan Ticman ,2,0,2
Nora Cornolle ,0,1,1
Nordine Taleb ,3,5,8
Norifumi Yamamoto ,3,0,3
Norman Parke ,2,4,6
Ode Osbourne ,2,2,4
Oli Thompson ,1,0,1
Oliver Enkamp ,1,0,1
Olivier Aubin-Mercier ,3,5,8
Oluwale Bamgbose ,1,0,1
Omar Morales ,1,0,1
Omari Akhmedov ,3,3,6
Orion Cosce ,1,1,2
Oskar Piechota ,0,2,2
Ottman Azaitar ,1,2,3
Ovince Saint Preux ,7,9,16
Paddy Holohan ,2,3,5
Paddy Pimblett ,0,4,4
Paige VanZant ,2,4,6
Pannie Kianzad ,1,1,2
Papy Abedi ,1,1,2
Parker Porter ,0,2,2
Pascal Krauss ,1,1,2
Pat Audinwood ,1,0,1
Pat Barry ,4,3,7
Pat Healy ,1,0,1
Pat Sabatini ,0,4,4
Patrick Cote ,3,6,9
Patrick Cummins ,1,3,4
Patrick Walsh ,0,1,1
Patrick Williams ,1,0,1
Paul Craig ,2,4,6
Paul Daley ,0,1,1
Paul Felder ,3,2,5
Paul Kelly ,1,2,3
Paul Sass ,2,1,3
Paul Taylor ,0,1,1
Paulo Costa ,1,2,3
Paulo Thiago ,5,3,8
Pawel Pawlak ,0,1,1
Payton Talbott ,0,1,1
Pearl Gonzalez ,1,0,1
Pedro Munhoz ,3,8,11
Peter Sobotta ,0,4,4
Petr Yan ,2,2,4
Phil Baroni ,1,0,1
Phil Davis ,2,5,7
Phil Harris ,1,1,2
Phil Hawes ,4,3,7
Phil Rowe ,0,1,1
Philip De Fries ,1,1,2
Philipe Lins ,1,1,2
Phillipe Nover ,0,1,1
Piera Rodriguez ,0,2,2
Pingyuan Liu ,1,1,2
Piotr Hallmann ,1,0,1
Poliana Botelho ,1,1,2
Polyana Viana ,4,3,7
Preston Parsons ,0,1,1
Priscila Cachoeira ,0,2,2
Punahele Soriano ,4,3,7
Quinton Jackson ,3,2,5
Rafa Garcia ,0,3,3
Rafael Alves ,2,0,2
Rafael Cavalcante ,1,1,2
Rafael Dos Anjos ,6,7,13
Rafael Fiziev ,1,0,1
Rafael Natal ,3,8,11
Rafaello Oliveira ,1,2,3
Ramazan Emeev ,1,2,3
Ramiro Her0dez ,1,0,1
Ramiz Brahimaj ,0,1,1
Ramsey Nijem ,4,5,9
Randa Markos ,6,5,11
Randy Brown ,3,7,10
Randy Costa ,1,1,2
Randy Couture ,0,2,2
Rani Yahya ,4,10,14
Raoni Barcelos ,2,5,7
Raphael Assuncao ,5,12,17
Raphael Pessoa ,0,1,1
Raquel Pennington ,3,4,7
Rashad Coulter ,2,0,2
Rashad Evans ,3,5,8
Raul Rosas Jr. ,1,2,3
Raulian Paiva ,2,1,3
Ray Borg ,2,4,6
Rayanne Amanda ,1,0,1
Re0 Barao ,4,3,7
Renato Moicano ,2,5,7
Renee Forte ,1,0,1
Reuben Duran ,1,1,2
Reza Madadi ,1,2,3
Ricardo Abreu ,1,1,2
Ricardo Almeida ,1,1,2
Ricardo Funch ,2,0,2
Ricardo Lamas ,3,8,11
Ricardo Ramos ,4,6,10
Rich Attonito ,2,1,3
Rich Franklin ,1,0,1
Richard Walsh ,2,2,4
Richardson Moreira ,1,0,1
Richie Vaculik ,3,1,4
Rick Story ,2,4,6
Ricky Glenn ,2,1,3
Ricky Simon ,1,5,6
Ricky Turcios ,0,2,2
Riki Fukuda ,1,2,3
Rinat Fakhretdinov ,0,1,1
Roan Carneiro ,0,1,1
Rob Broughton ,1,1,2
Rob Emerson ,1,1,2
Rob Font ,3,7,10
Rob Kimmons ,1,1,2
Rob Wilkinson ,1,0,1
Robbie Lawler ,4,5,9
Robert McDaniel ,1,1,2
Robert Peralta ,0,2,2
Robert Sanchez ,1,1,2
Robert Whiteford ,1,1,2
Robert Whittaker ,2,9,11
Rodney Wallace ,2,0,2
Rodolfo Bellato ,0,1,1
Rodolfo Vieira ,1,4,5
Rodrigo Damm ,1,2,3
Rodrigo Nascimento ,0,2,2
Rogerio Bontorin ,2,1,3
Rogerio Nogueira ,2,1,3
Roland Delorme ,3,3,6
Rolando Dy ,1,0,1
Roldan Sangcha'an ,1,0,1
Roman Dolidze ,1,4,5
Roman Kopylov ,1,2,3
Ron Stallings ,0,1,1
Rong Zhu ,1,1,2
Ronnie Lawrence ,1,0,1
Ronny Markes ,2,2,4
Rony Jason ,3,3,6
Roosevelt Roberts ,2,3,5
Rory MacDonald ,2,7,9
Rose Namajunas ,1,4,5
Rosi Sexton ,1,0,1
Ross Pearson ,9,7,16
Rostem Akman ,1,0,1
Rousimar Palhares ,1,4,5
Roxanne Modafferi ,6,4,10
Roy Nelson ,5,6,11
Royston Wee ,0,1,1
Ruan Potts ,1,0,1
Ruslan Magomedov ,0,1,1
Russell Doane ,2,0,2
Rustam Khabilov ,2,6,8
Ryan Bader ,0,9,9
Ryan Benoit ,1,2,3
Ryan Couture ,2,0,2
Ryan Hall ,1,1,2
Ryan Jimmo ,0,2,2
Ryan LaFlare ,2,3,5
Ryan MacDonald ,1,0,1
Ryan McGillivray ,1,0,1
Ryan Spann ,0,3,3
Sabah Homasi ,2,0,2
Sabina Mazo ,3,3,6
Sage Northcutt ,2,5,7
Sai Wang ,0,1,1
Said Nurmagomedov ,1,2,3
Saimon Oliveira ,1,0,1
Sako Chivitchian ,1,0,1
Salim Touahri ,1,0,1
Sam Alvey ,7,4,11
Sam Patterson ,1,0,1
Sam Sicilia ,2,2,4
Sam Stout ,5,5,10
Santiago Ponzinibbio ,4,6,10
Sara McMann ,3,7,10
Sarah Kaufman ,1,1,2
Sarah Moras ,3,1,4
Sasha Palatnikov ,1,0,1
Scott Askham ,2,2,4
Scott Holtzman ,3,5,8
Scott Jorgensen ,3,4,7
Sean Brady ,0,4,4
Sean McCorkle ,1,0,1
Sean O'Malley ,1,5,6
Sean Pierson ,0,2,2
Sean Sherk ,0,1,1
Sean Soriano ,1,0,1
Sean Spencer ,1,1,2
Sean Strickland ,1,5,6
Sean Woodson ,0,3,3
Sedriques Dumas ,1,0,1
Seo Hee Ham ,1,1,2
Sergei Pavlovich ,0,2,2
Sergey Morozov ,0,1,1
Serghei Spivac ,0,2,2
Sergio Moraes ,1,7,8
Sergio Pettis ,2,4,6
Serhiy Sidey ,1,0,1
Seth Baczynski ,3,2,5
Seth Petruzelli ,2,0,2
SeungGuk Choi ,1,0,1
SeungWoo Choi ,1,2,3
Shamil Abdurakhimov ,4,1,5
Shamil Gamzatov ,1,1,2
Shana Dobson ,2,0,2
Shane Burgos ,1,6,7
Shane Campbell ,1,1,2
Shane Carwin ,1,0,1
Shane Roller ,1,0,1
Shane Young ,4,1,5
Shannon Ross ,2,0,2
Shauna Bannon ,1,0,1
Shavkat Rakhmonov ,0,3,3
Shawn Jordan ,1,3,4
Shayilan Nuerdanbieke ,1,2,3
Sheldon Westcott ,0,1,1
Shinsho Anzai ,1,2,3
Sijara Eubanks ,3,4,7
Silvana Gomez Juarez ,1,0,1
Simeon Thoresen ,1,1,2
Siyar Bahadurzada ,1,2,3
Soa Palelei ,1,3,4
Sodiq Yusuff ,1,3,4
Song Ke0 ,3,3,6
Song Yadong ,1,7,8
Spencer Fisher ,1,1,2
Spike Carlyle ,1,0,1
Stefan Struve ,6,8,14
Stephan Bonnar ,0,2,2
Stephanie Egger ,1,1,2
Stephen Thompson ,3,5,8
Steve Bosse ,0,1,1
Steve Cantwell ,2,0,2
Steve Erceg ,0,1,1
Steve Garcia ,0,2,2
Steve Lopez ,1,0,1
Steve Montgomery ,1,0,1
Steven Peterson ,2,0,2
Steven Siler ,2,3,5
Stevie Ray ,3,3,6
Stipe Miocic ,0,6,6
Sultan Aliev ,0,1,1
Suman Mokhtarian ,1,0,1
Sumudaerji ,1,3,4
Syuri Kondo ,0,1,1
TJ Brown ,1,2,3
TJ Dillashaw ,0,7,7
TJ Grant ,2,4,6
TJ Waldburger ,1,4,5
Tabatha Ricci ,1,2,3
Tae Hyun Bang ,1,1,2
Tafon Nchukwi ,1,1,2
Tagir Ulanbekov ,0,3,3
Tai Tuivasa ,4,3,7
Tainara Lisboa ,0,1,1
Takanori Gomi ,3,3,6
Takashi Sato ,1,1,2
Takeya Mizugaki ,2,8,10
Talita Bernardo ,2,0,2
Tamdan McCrory ,1,0,1
Tamires Vidal ,1,1,2
Tanner Boser ,3,3,6
Tarec Saffiedine ,2,2,4
Tateki Matsuda ,1,0,1
Tatiana Suarez ,0,3,3
Tatsuro Taira ,0,4,4
Tatsuya Kawajiri ,0,2,2
Taylor Lapilus ,0,4,4
Te Edwards ,1,0,1
Tecia Torres ,2,9,11
Teemu Packalen ,0,1,1
Tereza Bleda ,0,1,1
Terrance McKinney ,0,4,4
Terry Etim ,2,1,3
Teruto Ishihara ,3,2,5
Thales Leites ,3,6,9
Themba Gorimbo ,0,1,1
Thiago Alves ,5,5,10
Thiago Moises ,1,3,4
Thiago Perpetuo ,2,1,3
Thiago Santos ,5,9,14
Thiago Silva ,0,2,2
Thiago Tavares ,3,5,8
Thibault Gouti ,1,1,2
Thomas Almeida ,3,3,6
Thomas Petersen ,1,0,1
Tiago dos Santos e Silva ,2,0,2
Tim Boetsch ,5,4,9
Tim Elliott ,5,6,11
Tim Kennedy ,2,2,4
Tim Means ,7,9,16
Timothy Johnson ,2,2,4
Timur Valiev ,0,1,1
Tito Ortiz ,2,1,3
Todd Brown ,1,0,1
Todd Duffee ,1,1,2
Tom Aspinall ,0,4,4
Tom Blackledge ,1,0,1
Tom Breese ,0,2,2
Tom Duquesnoy ,1,1,2
Tom Lawlor ,2,0,2
Tom Niinimaki ,2,0,2
Tom Watson ,1,2,3
Tomasz Drwal ,1,0,1
Tony Ferguson ,5,10,15
Tony Gravely ,1,2,3
Tonya Evinger ,1,0,1
Tor Troeng ,2,1,3
Toshiomi Kazama ,1,0,1
Tracy Cortez ,0,4,4
Travis Browne ,3,5,8
Tresean Gore ,1,0,1
Trevin Giles ,2,6,8
Trevin Jones ,2,0,2
Trevor Peek ,1,0,1
Trevor Smith ,1,3,4
Trey Ogden ,0,1,1
Tucker Lutz ,1,0,1
Tyler Diamond ,1,0,1
Tyron Woodley ,2,3,5
Tyson Griffin ,4,1,5
Tyson Nam ,2,2,4
Tyson Pedro ,1,5,6
Umar Nurmagomedov ,0,2,2
Uriah Hall ,7,7,14
Urijah Faber ,1,11,12
Uros Medic ,2,1,3
Vagner Rocha ,1,0,1
Valentina Shevchenko ,0,2,2
Valerie Letourneau ,2,1,3
Valmir Lazaro ,1,0,1
Vanessa Demopoulos ,0,3,3
Vanessa Melo ,1,0,1
Vaughan Lee ,1,1,2
Vernon Ramos Ho ,1,0,1
Veronica Hardy ,0,1,1
Veronica Macedo ,3,1,4
Vicente Luque ,2,12,14
Victor Altamirano ,1,1,2
Victor Henry ,0,1,1
Victoria Leonardo ,2,0,2
Vik Grujic ,2,0,2
Viktor Pesta ,2,1,3
Viktoriia Dudakova ,0,1,1
Vinc Pichel ,2,3,5
Vince Cachero ,1,0,1
Vince Morales ,1,1,2
Vinicius Moreira ,1,0,1
Vinny Magalhaes ,1,0,1
Virna Jandiroba ,0,2,2
Viscardi Andrade ,1,2,3
Vitor Belfort ,2,7,9
Vitor Miranda ,2,3,5
Vitor Petrino ,0,3,3
Viviane Araujo ,2,2,4
Viviane Pereira ,1,1,2
Vladimir Matyushenko ,1,2,3
Volkan Oezdemir ,4,4,8
Wagner Prado ,1,0,1
Wagner Silva ,1,0,1
Waldo Cortes-Acosta ,0,1,1
Walel Watson ,1,1,2
Walt Harris ,3,4,7
Wanderlei Silva ,1,3,4
Wang Guan ,0,1,1
Warlley Alves ,5,6,11
Waylon Lowe ,1,1,2
Wellington Turman ,2,0,2
Wendell Oliveira Marques ,1,0,1
Westin Wilson ,1,0,1
Will Brooks ,2,0,2
Will Campuzano ,4,0,4
William Gomis ,0,2,2
William Knight ,2,2,4
William Macario ,2,1,3
Wilson Reis ,2,4,6
Wu Ya0 ,4,1,5
Wuliji Buren ,2,0,2
Yair Rodriguez ,0,6,6
Yan Cabral ,3,2,5
Yan Xiao0 ,1,2,3
Yana Kunitskaya ,0,1,1
Yancy Medeiros ,1,2,3
Yao Zhikui ,3,0,3
Yaotzin Meza ,1,0,1
Yasuhiro Urushitani ,1,0,1
Yazmin Jauregui ,1,2,3
Yoel Romero ,1,1,2
Yohan Lainesse ,1,0,1
Yorgan De Castro ,2,0,2
Yosdenis Cedeno ,1,1,2
Yoshihiro Akiyama ,2,1,3
Yoshiyuki Yoshida ,1,0,1
Youssef Zalal ,1,1,2
Yui Chul Nam ,1,0,1
Yuri Villefort ,1,0,1
Yusaku Kinoshita ,1,0,1
Yushin Okami ,3,4,7
Yusuke Kasuya ,1,0,1
Yuta Sasaki ,0,1,1
Yves Edwards ,5,3,8
Yves Jabouin ,3,4,7
Zabit Magomedsharipov ,0,4,4
Zac Pauga ,1,0,1
Zach Makovsky ,1,2,3
Zach Reese ,1,0,1
Zak Cummings ,1,6,7
Zak Ottow ,0,1,1
Zelim Imadaev ,1,0,1
Zhalgas Zhumagulov ,1,1,2
Zhang Lipeng ,2,1,3
Zhang Tiequan ,3,1,4
Zhang Weili ,0,2,2
Zubaira Tukhugov ,1,2,3
0,0,0,0